customer_id,default_flag,num__age,num__annual_income,num__loan_amount,num__credit_score,num__repayment_history,num__transaction_count,num__spending_ratio,num__debt_to_income_ratio,num__avg_monthly_transactions,num__spending_to_income_ratio,num__join_year,num__join_month,num__join_day,num__join_weekday,num__customer_tenure_days,num__high_debt_to_income_flag,num__low_credit_score_flag,num__transaction_count_kbin,ord__education_level,nom__gender_Female,nom__gender_Male,nom__region_East,nom__region_North,nom__region_South,nom__region_West,nom__employment_type_Retired,nom__employment_type_Salaried,nom__employment_type_Self-Employed,nom__employment_type_Student,nom__employment_type_Unemployed,nom__loan_purpose_Business,nom__loan_purpose_Car,nom__loan_purpose_Education,nom__loan_purpose_Home,nom__loan_purpose_Medical,nom__loan_purpose_Personal,nom__income_bin_High,nom__income_bin_Low,nom__income_bin_Medium,nom__credit_score_bin_Excellent,nom__credit_score_bin_Fair,nom__credit_score_bin_Good,nom__credit_score_bin_Poor,age_standard,annual_income_standard,loan_amount_standard,credit_score_standard,repayment_history_standard,transaction_count_standard,spending_ratio_standard,debt_to_income_ratio_standard,avg_monthly_transactions_standard,spending_to_income_ratio_standard,join_year_standard,join_month_standard,join_day_standard,join_weekday_standard,customer_tenure_days_standard,age_minmax,annual_income_minmax,loan_amount_minmax,credit_score_minmax,repayment_history_minmax,transaction_count_minmax,spending_ratio_minmax,debt_to_income_ratio_minmax,avg_monthly_transactions_minmax,spending_to_income_ratio_minmax,join_year_minmax,join_month_minmax,join_day_minmax,join_weekday_minmax,customer_tenure_days_minmax,annual_income_log,loan_amount_log,spending_to_income_ratio_log,annual_income_boxcox,loan_amount_boxcox,credit_score_boxcox,transaction_count_boxcox,age_yeojohnson,annual_income_yeojohnson,loan_amount_yeojohnson,credit_score_yeojohnson,repayment_history_yeojohnson,transaction_count_yeojohnson,spending_ratio_yeojohnson,debt_to_income_ratio_yeojohnson,avg_monthly_transactions_yeojohnson,spending_to_income_ratio_yeojohnson,join_year_yeojohnson,join_month_yeojohnson,join_day_yeojohnson,join_weekday_yeojohnson,customer_tenure_days_yeojohnson
CUST0001,0,-0.30303030303030304,-0.27586206896551724,-0.192,0.17777777777777778,-1.0,-0.29577464788732394,-0.4110429447852759,-0.1102512970573295,-0.295774647887324,-0.5322722853977797,0.3333333333333333,-0.56,-0.07017543859649122,0.75,-0.15119073629014637,0.0,0.0,0.0,1.0,0.0,1.0,0.0,1.0,0.0,0.0,0.0,1.0,0.0,0.0,0.0,0.0,0.0,0.0,1.0,0.0,0.0,0.0,0.0,1.0,0.0,0.0,1.0,0.0,-0.5241560337109431,-0.4072320297246384,-0.5306011030416419,0.3301635716193838,-1.1304293542495212,-0.42600570341334415,-0.7601401059644777,-0.5324301643509606,-0.42600570341334404,-0.8682822859223649,0.37976217386786987,-0.9795867657512556,-0.11927565161216697,1.2851490774380505,-0.24817825121974313,0.2857142857142858,0.30823117338003503,0.21534320323014802,0.5666666666666667,0.0,0.28820960698689957,0.20453449107573568,0.4062378675030545,0.28820960698689957,0.19340795392229088,0.625,0.1818181818181818,0.43333333333333335,1.0,0.3891820580474934,11.034905792929415,9.61587214452889,9.640628165515693,-0.28978338006926235,-0.36448258421672747,0.33328198595184105,-0.3231298420780653,-0.44013055662976075,-0.28978398652558945,-0.364485733331981,0.3332765522958225,-1.470137013858265,-0.32468387611220145,-0.7275746961823482,-0.46205554515412967,-0.3308693558483733,-0.8701404051973153,0.3659131582216692,-0.9553801083304739,-0.021648592776934584,1.2442680937831454,-0.13517885060756757
CUST0002,0,-0.6666666666666666,0.3218390804597701,0.256,0.4246913580246914,-0.5,0.4084507042253521,0.0,3.11749301945735e-11,0.40845070422535207,0.5839983722560078,0.0,0.72,-0.9122807017543859,-0.75,-0.03583133056587284,0.0,0.0,0.5,2.0,1.0,0.0,0.0,0.0,1.0,0.0,0.0,0.0,1.0,0.0,0.0,0.0,1.0,0.0,0.0,0.0,0.0,0.0,0.0,1.0,0.0,0.0,1.0,0.0,-1.0722930624282696,0.2850790629008196,0.028925528543556223,0.6789893208210569,-0.5856441232858965,0.49260497780141416,-0.25574829290148365,-0.40691617184713613,0.49260497780141416,0.39083407529500724,-0.08055561263861369,1.2674939872265352,-1.498849453391448,-1.5575769924710015,-0.07867030652790645,0.1428571428571429,0.4903677758318739,0.3660834454912517,0.6500000000000001,0.16666666666666666,0.5065502183406113,0.33381572600096476,0.4338006917751806,0.5065502183406114,0.5256411550378988,0.5,0.9090909090909091,0.03333333333333333,0.0,0.43271767810026385,11.385103457032141,9.99884318585288,10.229945527689226,0.4000635100040323,0.2870099853919227,0.680752526313933,0.5616332395183133,-1.1110840675544873,0.40006362379482463,0.28701145570378717,0.680749629780197,-0.4151052135624659,0.5615252900803632,-0.05865542019695731,-0.3049195684994981,0.5610943609312093,0.5361687436239707,-0.09703822371653739,1.2170854189139102,-1.6477973204907628,-1.6298130865660272,0.02812111968986085
CUST0003,0,0.36363636363636365,-0.45977011494252873,-0.384,-0.23703703703703705,0.0,-0.4647887323943662,-0.20245398773006135,-0.37975446768556426,-0.46478873239436624,-0.5456559582212375,-0.3333333333333333,-0.08,0.7017543859649122,-0.5,0.3976403757920035,0.0,0.0,-0.5,0.0,0.0,1.0,1.0,0.0,0.0,0.0,0.0,1.0,0.0,0.0,0.0,0.0,0.0,1.0,0.0,0.0,0.0,0.0,0.0,1.0,0.0,1.0,0.0,0.0,0.48076185227082197,-0.6202508274555485,-0.7703982308638696,-0.25586368703942686,-0.040858892322271946,-0.6464722669048861,-0.5041800814250479,-0.8392421459899154,-0.646472266904886,-0.8833786259628844,-0.5408733991450972,-0.13693148338458408,1.1453336666855074,-1.083789314152826,0.5582686371626313,0.5476190476190477,0.2521891418563923,0.15074024226110364,0.42666666666666697,0.3333333333333333,0.2358078602620087,0.27013989387361315,0.3388620748459958,0.23580786026200873,0.1894246005712612,0.375,0.4545454545454545,0.8,0.16666666666666666,0.5963060686015831,10.896757843893464,9.392745258631441,9.63095678385169,-0.5315569195813176,-0.7337083767335436,-0.25238990396802985,-0.5642110085833264,0.5682418082519829,-0.531557750010278,-0.7337134634257365,-0.25239625995399273,0.23232450656259837,-0.5659516375147752,-0.3647291840225954,-0.8752878760389678,-0.5728103367993961,-0.8920182894650547,-0.552998013619747,-0.06082211593210132,1.1034320849245896,-1.0718895762583827,0.6023807772146872
CUST0004,1,0.0,0.0,0.0,-0.8888888888888888,1.0,-0.8873239436619719,0.8098159509202454,-0.09237270833421805,-0.8873239436619719,1.0685235005538847,0.6666666666666666,-0.88,-0.3508771929824561,-0.75,-0.4151190736290146,0.0,1.0,-0.5,1.0,1.0,0.0,0.0,0.0,0.0,1.0,0.0,0.0,0.0,0.0,1.0,0.0,0.0,0.0,0.0,0.0,1.0,0.0,0.0,1.0,0.0,1.0,0.0,0.0,-0.06737517644650444,-0.08770383312827316,-0.2908039752194141,-1.1767636649318436,1.0487115696049774,-1.1976386756337412,0.7379788611927734,-0.5120765439380398,-1.197638675633741,0.9373623856808367,0.8400799603743534,-1.5413569539957033,-0.579133585538594,-1.5575769924710015,-0.635991882257127,0.40476190476190477,0.3922942206654992,0.2799461641991925,0.20666666666666678,0.6666666666666666,0.10480349344978165,0.5885190545103716,0.4107075146838323,0.10480349344978167,0.6698493121650397,0.75,0.0,0.3,0.0,0.2895778364116095,11.211833885608513,9.798182590890704,10.40665391893463,0.044242360281079675,-0.05717832683715129,-1.1779530639516675,-1.2498789836105342,0.047557118298450336,0.0442421121214374,-0.05717925152101392,-1.1779512402387071,1.0813268416121362,-1.25066150559455,0.869742597623896,-0.43612382247341064,-1.2533091354333767,0.9872414808403811,0.8359598022605282,-1.6643776620603514,-0.4901029657510025,-1.6298130865660272,-0.5314637593323003
CUST0005,0,0.7878787878787878,1.632183908045977,1.408,1.1160493827160494,-1.0,1.028169014084507,-0.7423312883435582,0.3535645044537129,1.0281690140845072,0.6210747631858562,-0.6666666666666666,0.24,0.2807017543859649,0.75,0.6685601922656762,0.0,0.0,0.5,3.0,0.0,1.0,0.0,1.0,0.0,0.0,0.0,1.0,0.0,0.0,0.0,0.0,0.0,0.0,1.0,0.0,0.0,1.0,0.0,0.0,1.0,0.0,0.0,0.0,1.1202550524410362,1.8028379967335544,1.4677082954769227,1.6557014185857413,-1.1304293542495212,1.3009823772704014,-1.1666648508212192,-0.0044057821318579,1.3009823772704017,0.43265501729914835,-1.0011911856515807,0.4248387048598636,0.4555467657958668,1.2851490774380505,0.9563554769692175,0.7142857142857144,0.8896672504378285,0.7537012113055181,0.8833333333333335,0.0,0.6986899563318777,0.10033767486734202,0.5221918178808151,0.6986899563318779,0.5366761204022377,0.25,0.6363636363636364,0.6,1.0,0.6985488126649076,11.884495917930655,10.596659732783579,10.244627450087735,1.6079819296089781,1.3505343948997268,1.6494228650996923,1.2360123945423573,1.1068678721474898,1.6079824251631187,1.350536801678408,1.6494340620462724,-1.470137013858265,1.2371409989928528,-1.4432322072827504,0.15706853039739319,1.2416200739132925,0.5731114221860503,-1.0020684170008254,0.4738972544628893,0.5131116326541167,1.2442680937831454,0.9368433999930975
CUST0006,0,-0.9696969696969697,-1.1494252873563218,-0.768,-0.5135802469135803,-0.5,-0.971830985915493,0.2208588957055215,-7.23946856296683e-11,-0.9718309859154931,-1.1609431872131664,1.0,-0.72,0.9122807017543859,-0.5,-0.7769281188551453,0.0,1.0,-0.5,0.0,1.0,0.0,0.0,0.0,1.0,0.0,0.0,0.0,0.0,1.0,0.0,0.0,0.0,1.0,0.0,0.0,0.0,0.0,1.0,0.0,0.0,1.0,0.0,0.0,-1.5290739196927083,-1.4190713189464617,-1.2499924865083252,-0.6465485261453007,-0.5856441232858965,-1.3078719573795121,0.015268203669677405,-0.4069161719650435,-1.3078719573795121,-1.5774022586364909,1.300397746880837,-1.2604718598734794,1.4902271171303276,-1.083789314152826,-1.167630436063342,0.023809523809523836,0.04203152364273205,0.021534320323014805,0.33333333333333326,0.16666666666666666,0.07860262008733623,0.40328027013989387,0.4338006917492882,0.07860262008733625,0.006298004622573905,0.875,0.09090909090909091,0.9,0.16666666666666666,0.15303430079155672,10.085850775128717,8.699681400989514,9.038958755220563,-1.6683895524605767,-1.8338834272089923,-0.644243672427728,-1.4080844091195135,-1.7680183097184343,-1.6683889745917175,-1.8338750825017895,-0.6442480974929504,-0.4151052135624659,-1.40805793350414,0.23482322412894233,-0.30491956864403885,-1.407452324836288,-2.162342467195211,1.3132068632648326,-1.2928902008372058,1.3826944029077537,-1.0718895762583827,-1.1525300556636962
CUST0007,0,-0.48484848484848486,-0.06896551724137931,-0.128,-0.019753086419753086,0.0,0.014084507042253521,0.0,-0.33696523187558985,0.014084507042253622,0.09974453462347113,0.3333333333333333,0.4,-0.21052631578947367,0.75,-0.31024688660694777,0.0,0.0,0.0,1.0,1.0,0.0,1.0,0.0,0.0,0.0,0.0,1.0,0.0,0.0,0.0,0.0,1.0,0.0,0.0,0.0,0.0,0.0,0.0,1.0,0.0,0.0,1.0,0.0,-0.7982245480696063,-0.16758588227736446,-0.4506687271008993,0.051102972258045415,-0.040858892322271946,-0.021817003678850512,-0.25574829290148365,-0.7905293601585959,-0.02181700367885025,-0.15538822819810907,0.37976217386786987,0.7057237989820875,-0.3492046185753805,1.2851490774380505,-0.4818937507190937,0.2142857142857143,0.37127845884413313,0.23687752355316286,0.5000000000000002,0.3333333333333333,0.38427947598253276,0.33381572600096476,0.34955938379848933,0.3842794759825328,0.3815137415597653,0.625,0.7272727272727273,0.3666666666666667,1.0,0.329155672823219,11.170449240431308,9.680406499268875,10.015297227588134,-0.03645109571431964,-0.25628590790197436,0.05469795416396186,0.08623669839153664,-0.7621468177574207,-0.03645143149585408,-0.2562882997595704,0.054691536988496235,0.23232450656259837,0.08526551854764396,-0.05865542019695731,-0.8067782075672243,0.08136995046688672,0.006887912870197736,0.3659131582216692,0.7284330216692334,-0.25036335907475205,1.2442680937831454,-0.3697289575474895
CUST0008,0,0.5454545454545454,0.5517241379310345,0.768,0.2271604938271605,0.5,0.7183098591549296,0.43558282208588955,0.7672590266034817,0.7183098591549296,1.4980670540094494,0.0,-0.4,-0.7017543859649122,0.75,0.14856893161459472,0.0,0.0,0.5,2.0,0.0,1.0,0.0,0.0,0.0,1.0,0.0,0.0,1.0,0.0,0.0,1.0,0.0,0.0,0.0,0.0,0.0,0.0,0.0,1.0,0.0,0.0,1.0,0.0,0.7548303666294852,0.5513525600644573,0.6683845360694969,0.3999287214597184,0.5039263386413527,0.8967936775359078,0.2787564642249728,0.4665587554580886,0.896793677535908,1.4218732991434515,-0.08055561263861369,-0.6987016716290317,-1.1539560029466278,1.2851490774380505,0.19228557475980218,0.6190476190476191,0.5604203152364273,0.53835800807537,0.5833333333333333,0.5,0.6026200873362445,0.4708152436082972,0.6256154484182572,0.6026200873362446,0.7976934230933563,0.5,0.2727272727272727,0.13333333333333333,1.0,0.5023087071240105,11.49273296168228,10.308985993422082,10.540831283230636,0.6364738634853886,0.8315251861266952,0.4028427618944008,0.9081846576044266,0.8071098649792317,0.6364741742990258,0.8315288077397627,0.40283772206876156,0.7057928550957371,0.9087271523805232,0.4878575780025874,0.6259929367777509,0.9108974691854956,1.3392943840772804,-0.09703822371653739,-0.6410762157268445,-1.1594705673990153,1.2442680937831454,0.2792442586222724
CUST0009,0,-0.18181818181818182,-0.16091954022988506,0.0,-0.09876543209876543,-0.5,-0.2112676056338028,-0.2576687116564416,0.25505897085802004,-0.21126760563380284,-0.26866818890873323,0.6666666666666666,0.08,0.42105263157894735,0.0,-0.5829145728643216,0.0,0.0,0.0,1.0,1.0,0.0,0.0,1.0,0.0,0.0,0.0,1.0,0.0,0.0,0.0,0.0,0.0,0.0,0.0,0.0,1.0,0.0,0.0,1.0,0.0,0.0,1.0,0.0,-0.3414436908051677,-0.27409528114281956,-0.2908039752194141,-0.06052126748648995,-0.5856441232858965,-0.3157724216675732,-0.571934205567838,-0.11654798029021557,-0.315772421667573,-0.570945588502676,0.8400799603743534,0.14395361073763976,0.6854757327590804,-0.13621395751647544,-0.8825488927179804,0.33333333333333337,0.34325744308231176,0.2799461641991925,0.4733333333333334,0.16666666666666666,0.31441048034934493,0.2527737578388809,0.4975654344818919,0.314410480349345,0.2718638662077735,0.75,0.5454545454545454,0.6666666666666666,0.5,0.2262532981530343,11.112462823634855,9.798182590890704,9.814219084777946,-0.14685034760698285,-0.05717832683715129,-0.05689098596759213,-0.20769360897740813,-0.23832596221348343,-0.1468508032476383,-0.05717925152101392,-0.05689752314210792,-0.4151052135624659,-0.20910950865399178,-0.4555732428273821,0.03444606757063969,-0.21476304063210502,-0.47102062265837885,0.8359598022605282,0.2112549964917656,0.7152152483558079,-0.08458132338290045,-0.8050187055157745
CUST0010,1,1.2121212121212122,-0.9655172413793104,-0.256,-1.3037037037037038,2.0,-1.1408450704225352,1.8588957055214717,2.2647972329304524,-1.1408450704225352,-0.13437930956525668,-0.3333333333333333,0.88,0.0,0.75,0.2464496395018571,1.0,1.0,-0.5,0.0,0.0,1.0,0.0,0.0,1.0,0.0,0.0,0.0,0.0,0.0,1.0,0.0,0.0,0.0,0.0,1.0,0.0,0.0,1.0,0.0,0.0,0.0,0.0,1.0,1.7597482526112502,-1.2060525212155515,-0.6105334789823844,-1.7627909235906543,2.1382820315322264,-1.5283385208710543,2.0253072199057875,2.1714094390035825,-1.528338520871054,-0.41947217660962693,-0.5408733991450972,1.548379081348759,-0.004311168130560213,1.2851490774380505,0.3361104975286333,0.8809523809523809,0.09807355516637478,0.19380888290713325,0.06666666666666665,1.0,0.02620087336244542,0.9184756391702845,1.0,0.02620087336244542,0.31183197246641553,0.375,0.9999999999999999,0.4666666666666667,1.0,0.5392480211081794,10.373522431293592,9.546884034617925,9.892274925322026,-1.3146823425037444,-0.47944509470049285,-1.7705633282058997,-1.7599033837236147,1.5877744185499894,-1.3146829843956094,-0.47944898001027536,-1.7705491438700005,1.6616098444452727,-1.7564588337843892,1.6758212381791584,1.846640986791537,-1.7429574399302974,-0.28751965949797303,-0.552998013619747,1.4526811111297209,0.08918781764070617,1.2442680937831454,0.40823872344965123
CUST0011,0,0.18181818181818182,0.8735632183908046,0.448,0.5530864197530864,-1.0,0.6056338028169014,-0.576687116564417,-0.3661918080958608,0.6056338028169016,0.3156014740126149,-0.6666666666666666,-0.56,1.0526315789473684,0.25,0.7926589469084553,0.0,0.0,0.5,2.0,1.0,0.0,1.0,0.0,0.0,0.0,0.0,1.0,0.0,0.0,0.0,0.0,0.0,0.0,1.0,0.0,0.0,1.0,0.0,0.0,1.0,0.0,0.0,0.0,0.20669333791215877,0.9241354560935501,0.26872265636578396,0.8603787104059268,-1.1304293542495212,0.7498159685415465,-0.9634024783928483,-0.8238019325953516,0.7498159685415468,0.08809125610405127,-1.0011911856515807,-0.9795867657512556,1.720156084093541,0.33757372080169984,1.138704932622557,0.4761904761904763,0.658493870402802,0.4306864064602961,0.6933333333333336,0.0,0.5676855895196506,0.15243608297153888,0.3422527397434217,0.5676855895196508,0.445758771619953,0.25,0.1818181818181818,0.9666666666666667,0.6666666666666666,0.7453825857519789,11.626263078808801,10.12667110305036,10.116701972772454,0.9472857888013949,0.5095739640060226,0.861113141578824,0.7845323517496281,0.31566768920634386,0.9472862799120587,0.509576640831796,0.8611121092493421,-1.470137013858265,0.7848446437078689,-1.0599083548043833,-0.8534496925969018,0.7860975323654613,0.2544276742763384,-1.0020684170008254,-0.9553801083304739,1.5639772768153177,0.3733305371200544,1.0850453777059388
CUST0012,0,-0.7272727272727273,0.04597701149425287,0.064,0.0,0.0,-0.04225352112676056,0.331288343558282,2.5042623579581626e-11,-0.04225352112676057,0.6132977641127663,1.0,-0.24,0.07017543859649122,-0.5,-0.8442211055276382,0.0,0.0,0.0,1.0,0.0,1.0,0.0,0.0,0.0,1.0,0.0,0.0,1.0,0.0,0.0,1.0,0.0,0.0,0.0,0.0,0.0,0.0,0.0,1.0,0.0,0.0,1.0,0.0,-1.1636492338811573,-0.03444913369554563,-0.21087159927867152,0.07900903219417925,-0.040858892322271946,-0.09530585817603118,0.15077645195525768,-0.4069161718541174,-0.09530585817603104,0.4238828197080361,1.300397746880837,-0.4178165775068079,0.11065331535104654,-1.083789314152826,-1.2665100704669134,0.11904761904761907,0.4063047285464098,0.3014804845222072,0.5066666666666666,0.3333333333333333,0.3668122270742358,0.43801254220935837,0.4338006917736475,0.36681222707423583,0.5343614691306935,0.875,0.36363636363636365,0.5,0.16666666666666666,0.12763852242744061,11.23850177707664,9.852246888342531,10.241565641942437,0.09709694098726178,0.034938481421425534,0.08258119229870595,0.014488459270671765,-1.2342687757626993,0.09709674968197957,0.03493823409957315,0.08257482994784252,0.23232450656259837,0.013399149230280197,0.3685085793943866,-0.30491956850805524,0.009032831061534687,0.5653993718866316,1.3132068632648326,-0.3441081639009865,0.1979325442747191,-1.0718895762583827,-1.284248425396845
CUST0013,1,-0.36363636363636365,-0.5747126436781609,-0.448,-0.562962962962963,0.5,0.0,0.5337423312883436,-0.3487541029817894,0.0,-0.14143286686410594,0.3333333333333333,-0.88,-0.5614035087719298,0.0,-0.09351103342800961,0.0,1.0,0.0,0.0,1.0,0.0,0.0,1.0,0.0,0.0,0.0,1.0,0.0,0.0,0.0,0.0,1.0,0.0,0.0,0.0,0.0,0.0,1.0,0.0,0.0,1.0,0.0,0.0,-0.6155122051638309,-0.7533875760373674,-0.8503306068046121,-0.7163136759856352,0.5039263386413527,-0.040189217303145675,0.3992082404788222,-0.8039502297422368,-0.04018921730314555,-0.4274283558201709,0.37976217386786987,-1.5413569539957033,-0.9240270359834143,-0.13621395751647544,-0.1634242788738248,0.261904761904762,0.21716287215411562,0.12920592193808883,0.31666666666666665,0.5,0.3799126637554585,0.5016883743367102,0.3466121660219395,0.3799126637554585,0.3097326375922243,0.625,0.0,0.2,0.5,0.4109498680738786,10.799595985047786,9.305741456739435,9.888323152016355,-0.6922410970890799,-0.8756593912867774,-0.7143407536701665,0.06840068112155219,-0.5447549894124771,-0.6922420357595732,-0.8756647656229922,-0.7143446033354649,0.7057928550957371,0.06739967512325364,0.5946247554387092,-0.8255401524750412,0.063385083733324,-0.29687089951008944,0.3659131582216692,-1.6643776620603514,-0.8767002378700625,-0.08458132338290045,-0.05287656443175458
CUST0014,0,0.9696969696969697,1.9942528735632183,2.048,1.362962962962963,-1.0,1.4788732394366197,-0.840490797546012,0.3797544677482336,1.47887323943662,0.9746569303461217,-1.0,0.56,-0.2807017543859649,-0.25,0.94122787852305,0.0,0.0,0.5,3.0,0.0,1.0,0.0,0.0,1.0,0.0,0.0,1.0,0.0,0.0,0.0,0.0,0.0,0.0,1.0,0.0,0.0,1.0,0.0,0.0,1.0,0.0,0.0,0.0,1.3943235667996994,2.222218754766284,2.2670320548843486,2.004527167787414,-1.1304293542495212,1.8888932132478469,-1.2871166270750685,0.02540980229600691,1.8888932132478469,0.8314840008020594,-1.4615089721580643,0.9866088931043112,-0.46416910205698725,-0.6100016358346507,1.3570106189681042,0.7857142857142858,1.0,0.9690444145356663,0.966666666666667,0.0,0.8384279475982532,0.06946454413892911,0.5287393087044452,0.8384279475982533,0.641912009608494,0.125,0.8181818181818182,0.3333333333333333,0.3333333333333333,0.8014511873350924,11.98761186292033,10.819798284210286,10.37477161168151,1.8955742314192965,1.7625867488314173,1.993941758673366,1.685729198825929,1.3192444068002172,1.8955745453566806,1.7625851995095836,1.9939602449770717,-1.470137013858265,1.6875728214424874,-1.7008017412782583,0.18892128533050254,1.6947763464413177,0.9048110773497967,-1.444350194799969,0.9758902346639434,-0.3687098335950622,-0.5634051282968953,1.2588275097952466
CUST0015,0,-0.6060606060606061,-0.367816091954023,-0.32,-0.19753086419753085,-0.5,-0.352112676056338,-0.11042944785276075,-0.35356450439252796,-0.352112676056338,-0.3649763751045598,0.6666666666666666,0.4,-0.9824561403508771,0.0,-0.619619838322045,0.0,0.0,-0.5,1.0,1.0,0.0,1.0,0.0,0.0,0.0,0.0,1.0,0.0,0.0,0.0,0.0,0.0,1.0,0.0,0.0,0.0,0.0,0.0,1.0,0.0,0.0,1.0,0.0,-0.9809368909753818,-0.5137414285900934,-0.6904658549231271,-0.20005156716715916,-0.5856441232858965,-0.49949455791052483,-0.3912565411870642,-0.8094265615637405,-0.49949455791052466,-0.6795780354158728,0.8400799603743534,0.7057237989820875,-1.6138139368730549,-0.13621395751647544,-0.936483238756292,0.16666666666666674,0.28021015761821366,0.1722745625841184,0.44000000000000017,0.16666666666666666,0.2707423580786026,0.29908345393150026,0.3454095656692549,0.27074235807860264,0.24319987081016148,0.75,0.7272727272727273,0.0,0.5,0.21240105540897097,10.968215530759236,9.472781556562168,9.75423319944637,-0.4085022813784558,-0.6021281742668253,-0.196504454099076,-0.40189082013338856,-0.991477649886496,-0.408503004565368,-0.6021327287614084,-0.19651091354129974,-0.4151052135624659,-0.40352284435222985,-0.2206464623149468,-0.8332205181413238,-0.41000114268913646,-0.6103285774433975,0.8359598022605282,0.7284330216692334,-1.8415226253205064,-0.08458132338290045,-0.8677955147474395
CUST0016,1,0.42424242424242425,0.41379310344827586,1.728,-0.8098765432098766,1.5,0.29577464788732394,1.6564417177914106,2.2647972329304524,0.295774647887324,2.177797119797437,0.0,-0.08,0.21052631578947367,0.0,0.08389774961765349,1.0,1.0,0.0,2.0,0.0,1.0,0.0,0.0,0.0,1.0,0.0,0.0,1.0,0.0,0.0,1.0,0.0,0.0,0.0,0.0,0.0,0.0,0.0,1.0,0.0,1.0,0.0,0.0,0.5721180237237097,0.39158846176627465,1.8673701751806355,-1.0651394251873083,1.5934968005686019,0.3456272688070528,1.7768754313822235,2.1714094390035825,0.34562726880705297,2.1885863191236483,-0.08055561263861369,-0.13693148338458408,0.3405822823142601,-0.13621395751647544,0.09725839364468161,0.5714285714285714,0.5183887915936953,0.8613728129205921,0.23333333333333361,0.8333333333333333,0.47161572052401746,0.8547998070429329,1.0,0.4716157205240175,1.0,0.5,0.4545454545454545,0.5666666666666667,0.5,0.4779023746701847,11.429554725537322,10.714439990727769,10.722068979004234,0.49622221013633494,1.5669855987194259,-1.0654045619628851,0.4301567231013798,0.6493067347671223,0.49622240942353435,1.5669862882332657,-1.06540442234172,1.3936420011372528,0.42980174622895045,1.5428167342726453,1.846640986791537,0.42837813886807924,1.8282916498161534,-0.09703822371653739,-0.06082211593210132,0.4097638028371788,-0.08458132338290045,0.19244498467957505
CUST0017,0,-0.06060606060606061,0.0,-0.064,0.12839506172839507,-1.0,0.09859154929577464,-0.37423312883435583,-0.27711812505030825,0.09859154929577475,-0.22300092690977316,0.0,0.4,0.42105263157894735,-0.75,0.0,0.0,0.0,0.0,1.0,1.0,0.0,0.0,1.0,0.0,0.0,0.0,1.0,0.0,0.0,0.0,0.0,0.0,0.0,0.0,0.0,1.0,0.0,0.0,1.0,0.0,0.0,1.0,0.0,-0.1587313478993922,-0.08770383312827316,-0.3707363511601567,0.2603984217790492,-1.1304293542495212,0.08841627806692048,-0.7149706898692842,-0.7223972881031171,0.08841627806692075,-0.5194344282292822,-0.08055561263861369,0.7057237989820875,0.6854757327590804,-1.5575769924710015,-0.026020111585745062,0.38095238095238093,0.3922942206654992,0.25841184387617766,0.55,0.0,0.4104803493449781,0.2161119150988905,0.3645211605048098,0.41048034934497823,0.28545571379067874,0.5,0.7272727272727273,0.6666666666666666,0.0,0.4462401055408971,11.211833885608513,9.741027444837728,9.841452561616595,0.044242360281079675,-0.15406935568013647,0.26368737570872386,0.19189849909323625,-0.04563814080655946,0.0442421121214374,-0.15407099946075264,0.2636816065828773,-1.470137013858265,0.1911093627409844,-0.6594533938517761,-0.7128392251892663,0.18794209331853115,-0.4072853288227097,-0.09703822371653739,0.7284330216692334,0.7152152483558079,-1.6298130865660272,0.07781863103146373
CUST0018,1,-0.9090909090909091,-1.2183908045977012,-0.704,-1.0074074074074073,1.0,-1.056338028169014,1.2944785276073618,1.1392634029509634,-1.0563380281690142,-0.9238351457056946,1.3333333333333333,-0.88,0.49122807017543857,-0.75,-1.063578763382128,0.0,1.0,-0.5,0.0,0.0,1.0,0.0,0.0,1.0,0.0,0.0,0.0,0.0,1.0,0.0,0.0,0.0,1.0,0.0,0.0,0.0,0.0,1.0,0.0,0.0,1.0,0.0,0.0,-1.4377177482398205,-1.498953368095553,-1.1700601105675825,-1.3442000245486467,1.0487115696049774,-1.418105239125283,1.3327095064461543,0.890061750318873,-1.418105239125283,-1.3099522344051275,1.7607155333873203,-1.5413569539957033,0.8004402162406871,-1.5575769924710015,-1.5888319956006332,0.04761904761904767,0.021015761821366025,0.04306864064602961,0.16666666666666674,0.6666666666666666,0.05240174672489084,0.7409551374819102,0.7186165425051276,0.05240174672489083,0.07686795385500456,1.0,0.0,0.7,0.0,0.044854881266490766,9.952325334619427,8.853808274977197,9.309914176872276,-1.8166764880599917,-1.595187624980845,-1.3469700202501838,-1.577040880174938,-1.6278336534140183,-1.816674979916724,-1.5951863340573942,-1.3469652816223334,1.0813268416121362,-1.575715492631577,1.2810471181308127,0.9915038200414338,-1.5700706983163901,-1.597407974473429,1.7977610014145768,-1.6643776620603514,0.814153914994269,-1.6298130865660272,-1.7892418762967939
CUST0019,0,0.12121212121212122,0.6206896551724138,0.64,0.671604938271605,-0.5,0.8309859154929577,-0.4846625766871164,0.3722345772823144,0.8309859154929577,0.23276739086202602,-0.3333333333333333,0.4,-0.42105263157894735,-0.75,0.3312213240113612,0.0,0.0,0.5,2.0,1.0,0.0,1.0,0.0,0.0,0.0,0.0,1.0,0.0,0.0,0.0,0.0,0.0,0.0,1.0,0.0,0.0,1.0,0.0,0.0,1.0,0.0,0.0,0.0,0.11533716645927103,0.6312346092135486,0.5085197841880117,1.0278150700227298,-0.5856441232858965,1.0437713865302691,-0.8504789381548645,0.016848891898632735,1.0437713865302691,-0.005342848471055086,-0.5408733991450972,0.7057237989820875,-0.6940980690202008,-1.5575769924710015,0.46067315385521024,0.45238095238095244,0.5814360770577933,0.4952893674293405,0.7333333333333336,0.16666666666666666,0.6375545851528385,0.181379643029426,0.5268593360879654,0.6375545851528385,0.4211050441230397,0.375,0.7272727272727273,0.26666666666666666,0.0,0.5712401055408971,11.522885696764481,10.239995502805316,10.078994274334729,0.7049265346431743,0.7090649461329359,1.0274077635099328,1.0293730325685493,0.22812477779011217,0.7049268935338017,0.7090683384865796,1.0274087686088362,-0.4151052135624659,1.0301370369900558,-0.8697882121158259,0.17980711781608705,1.0331852513866762,0.16185997869271945,-0.552998013619747,0.7284330216692334,-0.6149101270385241,-1.6298130865660272,0.517815949870682
CUST0020,0,1.4545454545454546,-0.7586206896551724,-0.512,-0.3654320987654321,0.0,-0.7183098591549296,0.1411042944785274,-0.08336073682335951,-0.7183098591549296,-0.6695453620600004,-0.6666666666666666,0.88,-0.8421052631578947,-0.75,0.5759230937295171,0.0,0.0,-0.5,1.0,0.0,1.0,0.0,0.0,0.0,1.0,1.0,0.0,0.0,0.0,0.0,0.0,0.0,0.0,0.0,1.0,0.0,0.0,1.0,0.0,0.0,1.0,0.0,0.0,2.1251729384228013,-0.9664063737682775,-0.9302629827453548,-0.4372530766242968,-0.040858892322271946,-0.9771721121421991,-0.08259886453657549,-0.501816995483471,-0.977172112142199,-1.0231217736352596,-1.0011911856515807,1.548379081348759,-1.3838849699098412,-1.5575769924710015,0.820235460777288,0.9761904761904763,0.16112084063047288,0.10767160161507403,0.3833333333333335,0.3333333333333333,0.1572052401746725,0.37819585142305834,0.41296050756154695,0.15720524017467252,0.15255166752456784,0.25,0.9999999999999999,0.06666666666666668,0.0,0.6635883905013192,10.62135173563291,9.210440366976517,9.536690120068803,-0.9682078024127062,-1.029862558027477,-0.4341780107862843,-0.9579591169511087,1.8414171776251451,-0.9682087930458656,-1.0298678074955188,-0.4341837373396772,0.23232450656259837,-0.9595286132265901,0.133123815489417,-0.42311941941739634,-0.965491386725626,-1.1033116122479283,-1.0020684170008254,1.4526811111297209,-1.4731751990491697,-1.6298130865660272,0.8242537931964523
CUST0021,0,-0.5454545454545454,-0.13793103448275862,-0.16,0.02962962962962963,-0.5,-0.09859154929577464,-0.06748466257668718,-0.3015697243252713,-0.09859154929577475,-0.053353830850270144,0.3333333333333333,-0.24,0.8421052631578947,0.0,-0.21586191828708762,0.0,0.0,0.0,1.0,1.0,0.0,0.0,1.0,0.0,0.0,0.0,1.0,0.0,0.0,0.0,0.0,1.0,0.0,0.0,0.0,0.0,0.0,0.0,1.0,0.0,0.0,1.0,0.0,-0.8895807195224941,-0.24746793142645576,-0.49063491507127055,0.12086812209838002,-0.5856441232858965,-0.16879471267321183,-0.3385588890760052,-0.7502338571880193,-0.16879471267321183,-0.3280781179859421,0.37976217386786987,-0.4178165775068079,1.3752626336487208,-0.13621395751647544,-0.34320543233486367,0.19047619047619047,0.3502626970227671,0.22611036339165544,0.5166666666666668,0.16666666666666666,0.3493449781659389,0.31259044862518093,0.35840826068606907,0.34934497816593885,0.3359474089699464,0.625,0.36363636363636365,0.8666666666666667,0.5,0.36477572559366755,11.127277689932466,9.648659816955295,9.936583780025318,-0.11893642083134937,-0.3095910821508797,0.12439562214276349,-0.058372398655345534,-0.8752313493921745,-0.1189368462955008,-0.30959385308487364,0.12438936041989714,-0.4151052135624659,-0.059576070652598324,-0.15630941583546187,-0.7509575696311075,-0.06439608479998186,-0.18222087087995464,0.3659131582216692,-0.3441081639009865,1.2906305433253449,-0.08458132338290045,-0.22912757112959392
CUST0022,0,0.30303030303030304,1.1724137931034482,2.14,0.2765432098765432,0.0,1.2253521126760563,0.6503067484662576,2.2647972329304524,1.2253521126760565,2.177797119797437,-1.0,0.08,-0.07017543859649122,0.25,1.0190080838977496,1.0,0.0,0.5,2.0,0.0,1.0,0.0,0.0,1.0,0.0,0.0,0.0,1.0,0.0,0.0,1.0,0.0,0.0,0.0,0.0,0.0,1.0,0.0,0.0,0.0,0.0,1.0,0.0,0.38940568081793425,1.270291002406279,2.381934845299166,0.469693871300053,-0.040858892322271946,1.5581933680105338,0.5422447247802682,2.1714094390035825,1.558193368010534,2.1885863191236483,-1.4615089721580643,0.14395361073763976,-0.11927565161216697,0.33757372080169984,1.471300066525479,0.5238095238095237,0.7495621716287215,1.0,0.6000000000000003,0.3333333333333333,0.759825327510917,0.5383502170767005,1.0,0.7598253275109171,1.0,0.125,0.5454545454545454,0.43333333333333335,0.6666666666666666,0.8308047493403694,11.736077016252437,10.84814219829971,10.722068979004234,1.218265591180007,1.8155295325397403,0.47236995642077706,1.436365915324745,0.48565652887012284,1.2182661513842192,1.81552726012419,0.4723653679920829,0.23232450656259837,1.4378279580195723,0.7150413454949969,1.846640986791537,1.4435944345267187,1.8282916498161534,-1.444350194799969,0.2112549964917656,-0.021648592776934584,0.3733305371200544,1.3483386693915258
CUST0023,1,-0.12121212121212122,-1.0344827586206897,-0.352,-1.5012345679012347,2.0,-1.1971830985915493,2.118098159509202,2.2647972329304524,-1.1971830985915493,-0.18402550132254225,0.0,-0.72,-0.9122807017543859,0.75,0.2036268298011798,1.0,1.0,-0.5,0.0,1.0,0.0,1.0,0.0,0.0,0.0,0.0,0.0,0.0,0.0,1.0,0.0,0.0,0.0,0.0,0.0,1.0,0.0,1.0,0.0,0.0,0.0,0.0,1.0,-0.2500875193522799,-1.2859345703646428,-0.7304320428934983,-2.0418515229519927,2.1382820315322264,-1.6018273753682348,2.343375191576109,2.1714094390035825,-1.6018273753682346,-0.47547143797614844,-0.08055561263861369,-1.2604718598734794,-1.498849453391448,1.2851490774380505,0.2731870938172697,0.3571428571428572,0.07705779334500876,0.16150740242261105,0.0,1.0,0.008733624454148478,1.0,1.0,0.008733624454148478,0.29705588469806904,0.5,0.09090909090909091,0.03333333333333333,1.0,0.5230870712401056,10.275085591132715,9.433563920090563,9.864122829013851,-1.4412548638149045,-0.6667220763996249,-2.0538257779886044,-1.891960154213214,-0.14089851571574566,-1.4412551983773443,-0.6667269197497585,-2.0538034569497152,1.6616098444452727,-1.8863344431610811,1.834198027178209,1.846640986791537,-1.8651360031692892,-0.3539946657971878,-0.09703822371653739,-1.2928902008372058,-1.6477973204907628,1.2442680937831454,0.3521425591407622
CUST0024,0,-0.7878787878787878,0.0,-0.576,-0.16790123456790124,-0.5,-0.5211267605633803,-0.3067484662576686,-1.7352027670695473,-0.5211267605633803,-0.1493907263807564,1.0,0.24,-0.7017543859649122,0.5,-0.9150098317675334,0.0,0.0,-0.5,1.0,0.0,1.0,0.0,0.0,0.0,1.0,0.0,1.0,0.0,0.0,0.0,0.0,0.0,1.0,0.0,0.0,0.0,0.0,0.0,1.0,0.0,0.0,1.0,0.0,-1.255005405334045,-0.08770383312827316,-1.0101953586860974,-0.1581924772629584,-0.5856441232858965,-0.7199611214020668,-0.6321600936947628,-2.3823326327316043,-0.7199611214020667,-0.4364045580064257,1.300397746880837,0.4248387048598636,-1.1539560029466278,0.8113613991198751,-1.370526309255086,0.09523809523809534,0.3922942206654992,0.08613728129205922,0.44999999999999996,0.16666666666666666,0.21834061135371177,0.23733719247467444,0.0,0.2183406113537118,0.30736415722134175,0.875,0.6363636363636364,0.13333333333333333,0.8333333333333333,0.10092348284960422,11.211833885608513,9.105090961257085,9.883845912280838,0.044242360281079675,-1.1987744893385324,-0.15460544573814142,-0.6480171232434915,-1.3612725460346997,0.0442421121214374,-1.198778933203514,-0.1546119554526944,-0.4151052135624659,-0.6497803465891265,-0.5393251724192282,-3.778688305484796,-0.6566934501781984,-0.3074576730040286,1.3132068632648326,0.4738972544628893,-1.1594705673990153,0.8152389613984048,-1.4316966667012896
CUST0025,0,0.6666666666666666,1.8620689655172413,1.28,1.1851851851851851,-1.0,1.0845070422535212,-0.773006134969325,-0.06615077819600758,1.0845070422535212,0.7264259715596947,-0.6666666666666666,-0.24,0.3508771929824561,0.75,0.7480882674240769,0.0,0.0,0.5,3.0,1.0,0.0,0.0,1.0,0.0,0.0,0.0,1.0,0.0,0.0,0.0,0.0,0.0,0.0,1.0,0.0,0.0,1.0,0.0,0.0,1.0,0.0,0.0,0.0,0.9375427095352606,2.069111493897192,1.3078435435954374,1.7533726283622098,-1.1304293542495212,1.3744712317675822,-1.204306030900547,-0.48222456731992236,1.3744712317675822,0.5514876939694529,-1.0011911856515807,-0.4178165775068079,0.5705112492774735,1.2851490774380505,1.0732132267188927,0.6666666666666667,0.9597197898423817,0.7106325706594885,0.906666666666667,0.0,0.7161572052401747,0.09068982151471294,0.41726299721838495,0.7161572052401748,0.5680315707667616,0.25,0.36363636363636365,0.6333333333333333,1.0,0.7285620052770448,11.951186847493476,10.545367754151743,10.285206266914292,1.7923529180184392,1.2569960578985624,1.7459616673835419,1.2938679430975486,0.9595011497713563,1.7923533106511897,1.2569989728877204,1.7459747930678104,-1.470137013858265,1.2950950560922063,-1.5210045429768784,-0.3984089295466174,1.2999569151827446,0.6757165853102203,-1.0020684170008254,-0.3441081639009865,0.6148966267658237,1.2442680937831454,1.032150330380495
CUST0026,0,-0.42424242424242425,0.20689655172413793,0.192,0.07901234567901234,0.0,0.15492957746478872,0.19018404907975464,0.041178195321036525,0.15492957746478864,0.6742477335925667,0.6666666666666666,-0.56,-0.2807017543859649,0.25,-0.4675551671400481,0.0,0.0,0.0,1.0,0.0,1.0,0.0,0.0,1.0,0.0,0.0,0.0,1.0,0.0,0.0,0.0,1.0,0.0,0.0,0.0,0.0,0.0,0.0,1.0,0.0,0.0,1.0,0.0,-0.7068683766167186,0.15194231431900077,-0.05100684739718636,0.19063327193871463,-0.040858892322271946,0.16190513256410116,-0.022372976409650507,-0.3600374517647435,0.16190513256410116,0.49263236827094226,0.8400799603743534,-0.9795867657512556,-0.46416910205698725,0.33757372080169984,-0.7130409480261437,0.23809523809523814,0.4553415061295973,0.3445491251682369,0.5333333333333334,0.3333333333333333,0.4279475982532751,0.3936324167872649,0.444095240597646,0.42794759825327505,0.55250187560768,0.75,0.1818181818181818,0.3333333333333333,0.6666666666666666,0.26978891820580475,11.326607934898927,9.952325334619427,10.265314203614462,0.276612703701499,0.20665785714874457,0.19405867456885106,0.26110836249570873,-0.6520431740115645,0.2766126986960805,0.20665881083990548,0.19405262914461294,0.23232450656259837,0.26044260497296456,0.19624343347703038,-0.24789729733603225,0.2577702331195461,0.6253266370734489,0.8359598022605282,-0.9553801083304739,-0.3687098335950622,0.3733305371200544,-0.6148118926458337
CUST0027,0,0.48484848484848486,0.7816091954022989,0.896,0.5234567901234568,-0.5,0.6619718309859155,-0.4049079754601227,0.6329241128647027,0.6619718309859155,0.5091221486220693,-0.3333333333333333,-0.88,0.9824561403508771,-0.5,0.5261088048940354,0.0,0.0,0.5,2.0,1.0,0.0,1.0,0.0,0.0,0.0,0.0,1.0,0.0,0.0,0.0,0.0,0.0,0.0,1.0,0.0,0.0,1.0,0.0,0.0,1.0,0.0,0.0,0.0,0.6634741951765974,0.817626057228095,0.8282492879509821,0.818519620501726,-0.5856441232858965,0.8233048230387272,-0.7526118699486122,0.3136271183592899,0.8233048230387272,0.30637617290615565,-0.5408733991450972,-1.5413569539957033,1.6051916006119344,-1.083789314152826,0.7470388482967222,0.5952380952380953,0.6304728546409808,0.5814266487213997,0.6833333333333333,0.16666666666666666,0.5851528384279476,0.20646406174626142,0.5920317199835625,0.5851528384279476,0.5033559079118681,0.375,0.0,0.9333333333333333,0.16666666666666666,0.6447889182058048,11.58989576532275,10.373522431293592,10.199621308677711,0.8606501601196556,0.9467783316284436,0.8195108087143295,0.8466776665850548,0.7289107687509887,0.860650611127516,0.9467820040791933,0.8195093141079179,-0.4151052135624659,0.8471060875443227,-0.7160880686585858,0.4814514445551866,0.8488223478725796,0.4601700760398599,-0.552998013619747,-1.6643776620603514,1.4737960989467376,-1.0718895762583827,0.7629724231755491
CUST0028,1,-1.0303030303030303,-1.2873563218390804,-0.832,-1.1555555555555554,1.5,-1.1126760563380282,1.576687116564417,0.3797544675583564,-1.1126760563380285,-0.9916578120407835,1.3333333333333333,-0.4,-0.14035087719298245,0.5,-1.1352414245138738,0.0,1.0,-0.5,0.0,0.0,1.0,0.0,0.0,0.0,1.0,0.0,0.0,0.0,1.0,0.0,0.0,0.0,1.0,0.0,0.0,0.0,0.0,1.0,0.0,0.0,0.0,0.0,1.0,-1.620430091145596,-1.5788354172446442,-1.3299248624490676,-1.5534954740696505,1.5934968005686019,-1.4915940936224639,1.6790083631759711,0.025409802079843904,-1.4915940936224639,-1.386453957583435,1.7607155333873203,-0.6987016716290317,-0.23424013509377373,0.8113613991198751,-1.694132385484956,0.0,0.0,0.0,0.1166666666666667,0.8333333333333333,0.034934497816593885,0.8297153883260976,0.528739308656976,0.034934497816593885,0.0566820416031652,1.0,0.2727272727272727,0.4,0.8333333333333333,0.017810026385224272,9.798182590890704,8.517393171418904,9.239607869656751,-1.9764405435423273,-2.111905323732715,-1.558575893200709,-1.6971426622180188,-1.913286980280528,-1.9764376298259938,-2.1118840210772993,-1.5585668289811663,1.3936420011372528,-1.6945268863492944,1.4879339607116675,0.18892128510069145,-1.684050031622805,-1.7466071082056749,1.7977610014145768,-0.6410762157268445,-0.1347607355923308,0.8152389613984048,-2.0119327550493984
CUST0029,0,-0.24242424242424243,-0.04597701149425287,-0.128,-0.03950617283950617,0.0,-0.1267605633802817,-0.024539877300613404,-0.3797544676714992,-0.12676056338028172,0.10218615061153434,0.3333333333333333,0.72,0.2807017543859649,0.25,-0.3696744592527857,0.0,0.0,0.0,1.0,1.0,0.0,0.0,1.0,0.0,0.0,0.0,1.0,0.0,0.0,0.0,0.0,0.0,0.0,0.0,1.0,0.0,0.0,0.0,1.0,0.0,0.0,1.0,0.0,-0.4327998622580554,-0.1409585325610007,-0.4506687271008993,0.023196912321911574,-0.040858892322271946,-0.20553913992180217,-0.28586123696494586,-0.8392421459739032,-0.20553913992180203,-0.15263416616369,0.37976217386786987,1.2674939872265352,0.4555467657958668,0.33757372080169984,-0.5692160252573126,0.30952380952380953,0.37828371278458844,0.23687752355316286,0.4933333333333334,0.3333333333333333,0.3406113537117904,0.3260974433188616,0.3388620748495121,0.3406113537117904,0.3822404344008315,0.625,0.9090909090909091,0.6,0.6666666666666666,0.3067282321899736,11.184435286790631,9.680406499268875,10.016503689004832,-0.009359813426444435,-0.25628590790197436,0.026809134669404433,-0.09523974315754677,-0.3380303962167293,-0.009360119726634376,-0.2562882997595704,0.02680267254283864,0.23232450656259837,-0.09649880573481008,-0.09369426371037717,-0.8752878760162592,-0.10153761643318877,0.009806978553562416,0.3659131582216692,1.2170854189139102,0.5131116326541167,0.3733305371200544,-0.4606095526561788
CUST0030,0,0.06060606060606061,0.4827586206896552,0.576,0.37530864197530867,-1.0,0.49295774647887325,-0.6073619631901838,0.46769760761669443,0.4929577464788732,-0.06709922456084788,0.0,0.56,-0.5614035087719298,-0.25,-0.013109023377758357,0.0,0.0,0.5,2.0,0.0,1.0,0.0,0.0,1.0,0.0,0.0,1.0,0.0,0.0,0.0,0.0,0.0,0.0,0.0,0.0,1.0,0.0,0.0,1.0,0.0,0.0,1.0,0.0,0.02398099500638329,0.47147051091536596,0.42858740824726915,0.6092241709807222,-1.1304293542495212,0.6028382595471852,-1.0010436584721762,0.1255273962808824,0.6028382595471852,-0.3435824672167454,-0.08055561263861369,0.9866088931043112,-0.9240270359834143,-0.6100016358346507,-0.04528237802799923,0.4285714285714286,0.5394045534150613,0.47375504710632566,0.6333333333333335,0.0,0.5327510917030568,0.14278822961890986,0.5507250936715604,0.5327510917030568,0.33185639742024037,0.5,0.8181818181818182,0.2,0.3333333333333333,0.4412928759894459,11.461642696843066,10.203629181337648,9.929204031040765,0.5669234649639029,0.6448227851175518,0.6113245946754174,0.6582285233285139,0.13878201645393723,0.5669237225590642,0.6448259905992677,0.611321078646374,-1.470137013858265,0.6583030095355326,-1.1266460275574501,0.29364563100685387,0.6586041439225649,-0.1998160006971932,-0.09703822371653739,0.9758902346639434,-0.8767002378700625,-0.5634051282968953,0.059690004118232026
CUST0031,0,1.1515151515151516,-0.6436781609195402,-0.416,-0.3160493827160494,0.0,-0.6056338028169014,0.26380368098159485,-4.286657250761908e-12,-0.6056338028169014,-0.4335224832138899,-1.0,-0.4,0.21052631578947367,-0.5,1.0950404194887482,0.0,0.0,-0.5,1.0,1.0,0.0,1.0,0.0,0.0,0.0,1.0,0.0,0.0,0.0,0.0,0.0,0.0,0.0,0.0,1.0,0.0,0.0,1.0,0.0,0.0,1.0,0.0,0.0,1.6683920811583626,-0.8332696251864586,-0.8103644188342409,-0.3674879267839622,-0.040858892322271946,-0.8301944031478379,0.06796585578073616,-0.40691617188750684,-0.8301944031478377,-0.756895776974749,-1.4615089721580643,-0.6987016716290317,0.3405822823142601,-1.083789314152826,1.5830212118905531,0.8571428571428572,0.19614711033274956,0.13997308209959622,0.40000000000000013,0.3333333333333333,0.19213973799126635,0.41678726483357453,0.43380069176631514,0.19213973799126638,0.22279864216096912,0.125,0.2727272727272727,0.5666666666666667,0.16666666666666666,0.8594986807387862,10.736418414365376,9.350189267092581,9.709235104874208,-0.7927701088572732,-0.8032811171044622,-0.3642302900283718,-0.7774499311100963,1.52211039955194,-0.7927710899417018,-0.803286386912853,-0.36423631236755066,0.23232450656259837,-0.7791921068122505,0.28775612768217385,-0.30491956854898794,-0.7859548912651321,-0.7138632315421422,-1.444350194799969,-0.6410762157268445,0.4097638028371788,-1.0718895762583827,1.4349207562377984
CUST0032,1,0.24242424242424243,-0.11494252873563218,0.384,-0.7604938271604939,1.0,-0.23943661971830985,1.116564417177914,1.3373961688552167,-0.23943661971830993,1.17839622001673,0.6666666666666666,-0.08,0.631578947368421,0.25,-0.5593183307843566,0.0,1.0,0.0,0.0,0.0,1.0,0.0,0.0,0.0,1.0,0.0,0.0,1.0,0.0,0.0,1.0,0.0,0.0,0.0,0.0,0.0,0.0,0.0,1.0,0.0,1.0,0.0,0.0,0.2980495093650465,-0.220840581710092,0.1887902804250414,-0.9953742753469736,1.0487115696049774,-0.3525168489161635,1.1143906619860526,1.1156231282907376,-0.3525168489161634,1.061295177229696,0.8400799603743534,-0.13693148338458408,1.0303691832039006,0.33757372080169984,-0.8478768131219229,0.5,0.35726795096322245,0.40915208613728127,0.2500000000000002,0.6666666666666666,0.30567685589519655,0.6849975880366619,0.7681497339811909,0.3056768558951965,0.70255049001302,0.75,0.4545454545454545,0.7666666666666667,0.6666666666666666,0.23515831134564644,11.141876276228,10.085850775128717,10.442725690738797,-0.09123498367664676,0.43821889024618166,-0.9951135743263746,-0.24582711665802284,0.40148762749867195,-0.09123537907766956,0.4382212214912618,-0.9951143847902959,1.0813268416121362,-0.24729147431628565,1.1391782851903292,1.1672617616479029,-0.2531329567277855,1.0810660692244909,0.8359598022605282,-0.06082211593210132,1.0081951830290852,0.3733305371200544,-0.7652741309359
CUST0033,0,-0.48484848484848486,0.5287356321839081,0.256,0.5925925925925926,-1.0,0.4647887323943662,-0.6871165644171777,-0.3171145554634442,0.46478873239436624,-0.14206587841656676,-0.3333333333333333,0.24,-0.21052631578947367,-0.75,0.35569150098317676,0.0,0.0,0.5,2.0,1.0,0.0,0.0,1.0,0.0,0.0,0.0,1.0,0.0,0.0,0.0,0.0,0.0,0.0,1.0,0.0,0.0,0.0,0.0,1.0,1.0,0.0,0.0,0.0,-0.7982245480696063,0.5247252103480935,0.028925528543556223,0.9161908302781945,-1.1304293542495212,0.5660938322985948,-1.0989107266784288,-0.7679306450759986,0.566093832298595,-0.42814237190316845,-0.5408733991450972,0.4248387048598636,-0.3492046185753805,-1.5575769924710015,0.496629384547418,0.2142857142857143,0.5534150612959721,0.3660834454912517,0.7066666666666668,0.0,0.5240174672489083,0.11770381090207432,0.3545220529015258,0.5240174672489084,0.30954423574454043,0.375,0.6363636363636364,0.3666666666666667,0.0,0.5804749340369393,11.48247656671073,9.99884318585288,9.887967740878091,0.6134149053346223,0.2870099853919227,0.9165650073380335,0.6262138811644992,-0.7621468177574207,0.6134151989781931,0.28701145570378717,0.9165646208744661,-1.470137013858265,0.6262278969314335,-1.3089207323227319,-0.7753786091227377,0.6262865268774656,-0.2977116026876165,-0.552998013619747,0.4738972544628893,-0.25036335907475205,-1.6298130865660272,0.5490991299956464
CUST0034,0,0.6060606060606061,0.27586206896551724,0.0,0.12839506172839507,-0.5,0.1267605633802817,-0.14723926380368085,-0.5563844526390033,0.12676056338028172,0.3403793547803678,0.0,0.88,0.8421052631578947,0.75,-0.08389774961765349,0.0,0.0,0.0,1.0,0.0,1.0,0.0,0.0,1.0,0.0,0.0,1.0,0.0,0.0,0.0,0.0,1.0,0.0,0.0,0.0,0.0,0.0,0.0,1.0,0.0,0.0,1.0,0.0,0.8461865380823729,0.23182436346809204,-0.2908039752194141,0.2603984217790492,-0.5856441232858965,0.12516070531551082,-0.4364259572822575,-1.0403239943930225,0.12516070531551096,0.11603988563852669,-0.08055561263861369,1.548379081348759,1.3752626336487208,1.2851490774380505,-0.14929861681617174,0.6428571428571428,0.4763572679509633,0.2799461641991925,0.55,0.16666666666666666,0.4192139737991266,0.2875060299083454,0.29470457860763605,0.41921397379912667,0.45313335822929174,0.5,0.9999999999999999,0.8666666666666667,1.0,0.4145778364116095,11.362114203075018,9.798182590890704,10.127710521069902,0.35113206635802613,-0.05717832683715129,0.26368737570872386,0.2266225150614741,0.8839567461058433,0.3511321341746012,-0.05717925152101392,0.2636816065828773,-0.4151052135624659,0.22589492736449726,-0.277229718919801,-1.1704715803335988,0.22297444300710045,0.2815689849856972,-0.09703822371653739,1.4526811111297209,1.2906305433253449,1.2442680937831454,-0.039288769067669434
CUST0035,1,-0.7272727272727273,-1.103448275862069,-0.64,-1.05679012345679,1.5,-1.028169014084507,0.0,0.788720817437576,-1.0281690140845072,-1.1821038591097142,1.0,0.56,-0.8421052631578947,-0.5,-0.9665719903867162,0.0,1.0,-0.5,1.0,1.0,0.0,1.0,0.0,0.0,0.0,0.0,0.0,0.0,0.0,1.0,0.0,0.0,0.0,0.0,0.0,1.0,0.0,1.0,0.0,0.0,1.0,0.0,0.0,-1.1636492338811573,-1.365816619513734,-1.0901277346268399,-1.4139651743889812,1.5934968005686019,-1.381360811876693,-0.25574829290148365,0.4909916204220877,-1.381360811876693,-1.6012707962681227,1.300397746880837,0.9866088931043112,-1.3838849699098412,-1.083789314152826,-1.4462912239279524,0.11904761904761907,0.05604203152364273,0.06460296096904442,0.15000000000000013,0.8333333333333333,0.061135371179039305,0.33381572600096476,0.6309808961267809,0.06113537117903929,0.0,0.875,0.8181818181818182,0.06666666666666668,0.16666666666666666,0.08146437994722955,10.165890277802454,8.987321812850125,9.010791269515602,-1.5748331803700395,-1.3856915440228041,-1.417463566520742,-1.5193618006678034,-1.2342687757626993,-1.5748330432565498,-1.385694059997148,-1.4174574718221014,1.3936420011372528,-1.5185396882638886,-0.05865542019695731,0.6484380916060295,-1.514824369971062,-2.2195314585594113,1.3132068632648326,0.9758902346639434,-1.4731751990491697,-1.0718895762583827,-1.546622538569921
CUST0036,0,0.9090909090909091,1.9942528735632183,2.14,0.9679012345679012,-0.5,1.8450704225352113,0.06134969325153373,1.464767232601274,1.8450704225352117,2.177797119797437,-1.3333333333333333,0.72,-0.631578947368421,0.75,1.2374918068603888,0.0,0.0,0.5,3.0,0.0,1.0,0.0,0.0,0.0,1.0,0.0,0.0,1.0,0.0,0.0,1.0,0.0,0.0,0.0,0.0,0.0,1.0,0.0,0.0,1.0,0.0,0.0,0.0,1.3029673953468115,2.222218754766284,2.381934845299166,1.4464059690647375,-0.5856441232858965,2.366570767479521,-0.18046593274282785,1.2606268712162587,2.3665707674795216,2.1885863191236483,-1.9218267586645479,1.2674939872265352,-1.038991519465021,1.2851490774380505,1.7923378405630483,0.7619047619047619,1.0,1.0,0.8333333333333333,0.16666666666666666,0.9519650655021834,0.3531114327062229,0.7999924999177053,0.9519650655021836,1.0,0.0,0.9090909090909091,0.16666666666666669,1.0,0.9132585751978891,11.98761186292033,10.84814219829971,10.722068979004234,1.8955742314192965,1.8155295325397403,1.4423580509089076,2.0315835626561425,1.249556236219127,1.8955745453566806,1.81552726012419,1.4423654184671726,-0.4151052135624659,2.033885500116083,0.026693408531537847,1.273942101081415,2.042732607274165,1.8282916498161534,-1.8799426831019346,1.2170854189139102,-1.0149975320892721,1.2442680937831454,1.5948307248980103
CUST0037,0,-0.18181818181818182,-0.5057471264367817,-0.384,-0.4641975308641975,0.0,-0.38028169014084506,0.30061349693251516,-0.26290693916710844,-0.3802816901408451,-0.21106413763479748,0.3333333333333333,-0.4,0.07017543859649122,0.25,-0.18003058772121477,0.0,1.0,-0.5,0.0,1.0,0.0,0.0,1.0,0.0,0.0,0.0,1.0,0.0,0.0,0.0,0.0,0.0,1.0,0.0,0.0,0.0,0.0,0.0,1.0,0.0,1.0,0.0,0.0,-0.3414436908051677,-0.673505526888276,-0.7703982308638696,-0.576783376304966,-0.040858892322271946,-0.5362389851591152,0.11313527187592975,-0.7062187693417231,-0.5362389851591151,-0.5059701249499,0.37976217386786987,-0.6987016716290317,0.11065331535104654,0.33757372080169984,-0.2905552373927023,0.33333333333333337,0.2381786339754816,0.15074024226110364,0.3500000000000003,0.3333333333333333,0.2620087336244541,0.4283646888567294,0.3680739569756098,0.26200873362445415,0.28900843434700246,0.625,0.2727272727272727,0.5,0.6666666666666666,0.37829815303430075,10.859018228147887,9.392745258631441,9.84845041660622,-0.5948622128939492,-0.7337083767335436,-0.5741843961827829,-0.44184973279225065,-0.23832596221348343,-0.5948630910085329,-0.7337134634257365,-0.5741893251449757,0.23232450656259837,-0.4435154840012594,0.3321613002185267,-0.6908495435131238,-0.4501172641364363,-0.3908583803618616,0.3659131582216692,-0.6410762157268445,0.1979325442747191,0.3733305371200544,-0.17684867351940672
CUST0038,0,-0.6060606060606061,-0.2988505747126437,-0.224,0.0,-0.5,-0.2676056338028169,-0.17177914110429449,-0.16808804306328656,-0.2676056338028169,-0.3395654827843464,0.6666666666666666,0.24,1.0526315789473684,-0.5,-0.6178719685383439,0.0,0.0,0.0,1.0,0.0,1.0,0.0,0.0,1.0,0.0,0.0,1.0,0.0,0.0,0.0,0.0,1.0,0.0,0.0,0.0,0.0,0.0,0.0,1.0,0.0,0.0,1.0,0.0,-0.9809368909753818,-0.43385937944100217,-0.5705672910120131,0.07900903219417925,-0.5856441232858965,-0.38926127616475387,-0.46653890134572,-0.5982735702458578,-0.38926127616475364,-0.6509153897984002,0.8400799603743534,0.4248387048598636,1.720156084093541,-1.083789314152826,-0.9339149365639915,0.16666666666666674,0.3012259194395797,0.20457604306864066,0.5066666666666666,0.16666666666666666,0.29694323144104806,0.2797877472262421,0.39177868100156527,0.29694323144104806,0.250762859267184,0.75,0.6363636363636364,0.9666666666666667,0.16666666666666666,0.2130606860158311,11.0186455364637,9.581972891547895,9.770413198310786,-0.31908071187287707,-0.42106293204413114,0.08258119229870595,-0.28430215737488435,-0.991477649886496,-0.3190813480603535,-0.4210664543144928,0.08257482994784252,-0.4151052135624659,-0.28581265401682365,-0.31571988823065217,-0.5471675203741029,-0.291831854196377,-0.5728985573186515,0.8359598022605282,0.4738972544628893,1.5639772768153177,-1.0718895762583827,-0.8647787102135573
CUST0039,0,0.7272727272727273,1.0344827586206897,1.024,0.7703703703703704,-1.0,0.971830985915493,-0.6319018404907975,0.4882557442220268,0.9718309859154931,0.3586462595799515,-0.6666666666666666,-0.72,0.5614035087719298,0.25,0.8232466681232248,0.0,0.0,0.5,2.0,1.0,0.0,1.0,0.0,0.0,0.0,0.0,1.0,0.0,0.0,0.0,0.0,0.0,0.0,1.0,0.0,0.0,1.0,0.0,0.0,1.0,0.0,0.0,0.0,1.0288988809881483,1.1105269041080965,0.9881140398324672,1.167345369703399,-1.1304293542495212,1.2274935227732209,-1.0311566025356387,0.1489315091749277,1.2274935227732209,0.13664434974788384,-1.0011911856515807,-1.2604718598734794,0.9154046997222939,0.33757372080169984,1.1836502209878166,0.6904761904761905,0.7075306479859895,0.6244952893674293,0.7666666666666668,0.0,0.6812227074235808,0.13506994693680657,0.5558646278228936,0.6812227074235809,0.45857009726245374,0.25,0.09090909090909091,0.7333333333333333,0.6666666666666666,0.7569261213720316,11.686887175419702,10.434145214930487,10.135749405494865,1.0951143492493,1.0556613358682316,1.165848056311265,1.1776445265254103,1.0337900523793624,1.0951148890079918,1.0556648973294513,1.1658509845559413,-1.470137013858265,1.1786720697699635,-1.1813430439524315,0.31763964801277406,1.1827566078621001,0.3014220916007092,-1.0020684170008254,-1.2928902008372058,0.9117904342423694,0.3733305371200544,1.1211376499354175
CUST0040,1,0.42424242424242425,0.09195402298850575,1.152,-0.908641975308642,2.0,-0.014084507042253521,1.9631901840490793,2.2647972329304524,-0.014084507042253622,2.177797119797437,-0.3333333333333333,0.72,0.14035087719298245,0.75,0.2709198164736727,1.0,1.0,0.0,1.0,0.0,1.0,0.0,0.0,0.0,1.0,0.0,0.0,1.0,0.0,0.0,1.0,0.0,0.0,0.0,0.0,0.0,0.0,0.0,1.0,0.0,1.0,0.0,0.0,0.5721180237237097,0.018805565737181913,1.1479787917139523,-1.2046697248679774,2.1382820315322264,-0.058561430927440844,2.1532872321755026,2.1714094390035825,-0.058561430927440844,2.1885863191236483,-0.5408733991450972,1.2674939872265352,0.2256177988326533,1.2851490774380505,0.3720667282208411,0.5714285714285714,0.42031523642732055,0.6675639300134589,0.19999999999999996,1.0,0.37554585152838427,0.9512783405692234,1.0,0.37554585152838427,1.0,0.375,0.9090909090909091,0.5333333333333333,1.0,0.5484828496042217,11.264476926102367,10.491301994830229,10.722068979004234,0.14923362786218247,1.1588714919045313,-1.206106276989119,0.05049790263008548,0.6493067347671223,0.14923349192877924,1.1588747961131143,-1.2061040002088987,1.6616098444452727,0.049467255594415734,1.7410622025188192,1.846640986791537,0.04533448446861323,1.8282916498161534,-0.552998013619747,1.2170854189139102,0.30474486441236204,1.2442680937831454,0.44006580025178704
CUST0041,0,-0.8484848484848485,-1.1724137931034482,-0.736,-0.7111111111111111,0.5,-0.9154929577464789,0.693251533742331,0.4457987228534037,-0.9154929577464789,-1.0325322722853973,1.3333333333333333,-0.72,-0.9824561403508771,0.0,-1.0723181123006336,0.0,1.0,-0.5,0.0,1.0,0.0,0.0,1.0,0.0,0.0,0.0,0.0,0.0,1.0,0.0,0.0,0.0,1.0,0.0,0.0,0.0,0.0,1.0,0.0,0.0,1.0,0.0,0.0,-1.3463615767869328,-1.4456986686628253,-1.2100262985379537,-0.925609125506639,0.5039263386413527,-1.2343831028823316,0.5949423768913269,0.10059692806321302,-1.2343831028823313,-1.4325589960855618,1.7607155333873203,-1.2604718598734794,-1.6138139368730549,-0.13621395751647544,-1.601673506562136,0.07142857142857151,0.03502626970227671,0.032301480484522194,0.26666666666666683,0.5,0.09606986899563319,0.551857211770381,0.5452503724807378,0.0960698689956332,0.044516665152723234,1.0,0.09090909090909091,0.0,0.5,0.04155672823218997,10.043292972227004,8.77971129020447,9.194718991073225,-1.7166888000881182,-1.7103593314999905,-0.9248620369071813,-1.3015645392570967,-1.492362028150023,-1.7166879530177,-1.710355042969233,-0.9248637201369644,0.7057928550957371,-1.3021188393522114,0.7577870813850565,0.26788570019127306,-1.3038375273643437,-1.8409007423843855,1.7977610014145768,-1.2928902008372058,-1.8415226253205064,-0.08458132338290045,-1.8136003115635158
CUST0042,0,0.0,0.6896551724137931,0.512,0.49382716049382713,-0.5,0.5774647887323944,-0.4662576687116564,3.715014412108034e-11,0.5774647887323944,0.3250062170777473,0.0,-0.56,0.49122807017543857,0.75,0.16080402010050251,0.0,0.0,0.5,2.0,0.0,1.0,0.0,0.0,1.0,0.0,0.0,1.0,0.0,0.0,0.0,0.0,0.0,0.0,0.0,1.0,0.0,1.0,0.0,0.0,1.0,0.0,0.0,0.0,-0.06737517644650444,0.7111166583626399,0.34865503230652656,0.7766605305975253,-0.5856441232858965,0.7130715412929561,-0.827894230107268,-0.40691617184033374,0.7130715412929561,0.09869949505144325,-0.08055561263861369,-0.9795867657512556,0.8004402162406871,1.2851490774380505,0.21026369010590606,0.40476190476190477,0.6024518388791593,0.4522207267833108,0.6733333333333336,0.16666666666666666,0.5589519650655022,0.18716835504100338,0.4338006917766744,0.5589519650655023,0.4485578847855413,0.5,0.1818181818181818,0.7,1.0,0.5069261213720316,11.552155793461898,10.165890277802454,10.1208946819984,0.7723306601397215,0.5783806099641694,0.7778969063101839,0.7532128363261184,0.047557118298450336,0.7723310619454544,0.5783835776012883,0.7778949685545307,-0.4151052135624659,0.7534663381167102,-0.8334554239225397,-0.3049195684911613,0.7544842622604251,0.26475846419549853,-0.09703822371653739,-0.9553801083304739,0.814153914994269,1.2442680937831454,0.29552125275870733
CUST0043,0,-0.30303030303030304,-0.09195402298850575,-0.096,0.05925925925925926,0.0,0.07042253521126761,-0.055214723926380264,-0.1953022976499566,0.07042253521126751,0.014287975041258784,0.3333333333333333,0.88,-0.42105263157894735,0.0,-0.3871531570897968,0.0,0.0,0.0,1.0,1.0,0.0,1.0,0.0,0.0,0.0,0.0,1.0,0.0,0.0,0.0,0.0,0.0,0.0,0.0,0.0,1.0,0.0,0.0,1.0,0.0,0.0,1.0,0.0,-0.5241560337109431,-0.19421323199372822,-0.41070253913052795,0.16272721200258078,-0.040858892322271946,0.05167185081833016,-0.3235024170442738,-0.6292552442614157,0.05167185081833016,-0.25178039940277663,0.37976217386786987,1.548379081348759,-0.6940980690202008,-0.13621395751647544,-0.5948990471803182,0.2857142857142858,0.36427320490367776,0.24764468371467027,0.5266666666666666,0.3333333333333333,0.40174672489082963,0.3164495899662325,0.3849751173548977,0.4017467248908297,0.35607949212244766,0.625,0.9999999999999999,0.26666666666666666,0.5,0.300131926121372,11.156264806643742,9.711176264112805,9.972127028252816,-0.06374137371020354,-0.20447373533339153,0.16619759046392404,0.15693037179357647,-0.44013055662976075,-0.06374173920398882,-0.20447575056946407,0.1661914512732806,0.23232450656259837,0.1560800556729421,-0.13824737128763942,-0.5878723330767623,0.15266772074270457,-0.09715445480075875,0.3659131582216692,1.4526811111297209,-0.6149101270385241,-0.08458132338290045,-0.4877161921958715
CUST0044,1,1.2727272727272727,-0.8045977011494253,-0.544,-0.6123456790123457,1.0,-0.8028169014084507,0.9018404907975459,-0.08763564640752565,-0.8028169014084507,-0.29335563945470566,-1.0,0.4,0.0,0.25,0.9639501857111645,0.0,1.0,-0.5,1.0,0.0,1.0,0.0,0.0,0.0,1.0,1.0,0.0,0.0,0.0,0.0,0.0,0.0,0.0,0.0,1.0,0.0,0.0,1.0,0.0,0.0,1.0,0.0,0.0,1.851104424064138,-1.019661073201005,-0.970229170715726,-0.7860788258259698,1.0487115696049774,-1.0874053938879702,0.8509024014307571,-0.5066837043900413,-1.08740539388797,-0.59879221573958,-1.4615089721580643,0.7057237989820875,-0.004311168130560213,0.33757372080169984,1.3903985474680114,0.9047619047619047,0.1471103327495622,0.09690444145356661,0.30000000000000004,0.6666666666666666,0.13100436681222707,0.6174626145682587,0.4118917801655055,0.1310043668122271,0.26451619414810396,0.125,0.7272727272727273,0.4666666666666667,0.6666666666666666,0.8100263852242744,10.571342565808699,9.15915233520675,9.799182035726814,-1.0414831788134116,-1.1122976088775998,-0.784475958235312,-1.100329972413854,1.6525096963925452,-1.0414841427402388,-1.1123025629737182,-0.7844791598892839,1.0813268416121362,-1.101609689554152,0.9542011878599665,-0.4292826052381939,-1.106323221964364,-0.5060808597545455,-1.444350194799969,0.7284330216692334,0.08918781764070617,0.3733305371200544,1.2850775690423188
CUST0045,0,-0.6666666666666666,0.367816091954023,0.128,0.6222222222222222,-1.0,0.38028169014084506,-0.7177914110429445,-0.3797544676630602,0.3802816901408451,-0.3112608233671692,-0.3333333333333333,-0.24,-0.7719298245614035,0.5,0.44308499016823244,0.0,0.0,0.5,2.0,1.0,0.0,0.0,1.0,0.0,0.0,0.0,1.0,0.0,0.0,0.0,0.0,0.0,0.0,1.0,0.0,0.0,0.0,0.0,1.0,1.0,0.0,0.0,0.0,-1.0722930624282696,0.3383337623335471,-0.13093922333792893,0.9580499201823952,-1.1304293542495212,0.4558605505528238,-1.1365519067577567,-0.839242145964296,0.45586055055282393,-0.6189886706586532,-0.5408733991450972,-0.4178165775068079,-1.2689204864282344,0.8113613991198751,0.6250444941624458,0.1428571428571429,0.5043782837127846,0.32301480484522205,0.7166666666666666,0.0,0.49781659388646293,0.10805595754944525,0.33886207485162184,0.4978165938864629,0.2591871133136183,0.375,0.36363636363636365,0.1,0.8333333333333333,0.6134564643799472,11.407576060361786,9.90353755128617,9.7881328161731,0.44842046075275277,0.12274985635159451,0.9581405367888446,0.5290596088944673,-1.1110840675544873,0.4484206183836564,0.12275023670558813,0.9581406566565759,-1.470137013858265,0.5288902315877833,-1.3826657276016838,-0.8752878760026341,0.5282125589449218,-0.5317837126082505,-0.552998013619747,-0.3441081639009865,-1.311509211666458,0.8152389613984048,0.6596234881010111
CUST0046,1,0.18181818181818182,-0.22988505747126436,0.832,-1.0074074074074073,1.5,-0.323943661971831,1.466257668711656,2.2647972329304524,-0.32394366197183105,1.2835665679470067,0.6666666666666666,-0.24,0.21052631578947367,-0.25,-0.526982739785886,1.0,1.0,0.0,0.0,0.0,1.0,0.0,0.0,1.0,0.0,0.0,0.0,1.0,0.0,0.0,1.0,0.0,0.0,0.0,0.0,0.0,0.0,0.0,1.0,0.0,1.0,0.0,0.0,0.20669333791215877,-0.35397733029191086,0.7483169120102394,-1.3442000245486467,1.5934968005686019,-0.4627501306619345,1.5435001148903904,2.1714094390035825,-0.46275013066193443,1.1799238493048567,0.8400799603743534,-0.4178165775068079,0.3405822823142601,-0.6100016358346507,-0.8003632225643625,0.4761904761904763,0.3222416812609457,0.5598923283983849,0.16666666666666674,0.8333333333333333,0.2794759825327511,0.7949831162566329,1.0,0.2794759825327511,0.733852111278205,0.75,0.36363636363636365,0.5666666666666667,0.3333333333333333,0.24736147757255936,11.06665398721974,10.34177474101152,10.47607597368035,-0.2319163877124338,0.8899966520708107,-1.3469700202501838,-0.3623219177170641,0.31566768920634386,-0.23191693407990255,0.8900003203487579,-1.3469652816223334,1.3936420011372528,-0.36391657577790193,1.4094296003263913,1.846640986791537,-0.37025557328121056,1.168346397071977,0.8359598022605282,-0.3441081639009865,0.4097638028371788,-0.5634051282968953,-0.7115375586266622
CUST0047,0,-0.12121212121212122,0.022988505747126436,-0.032,0.17777777777777778,-0.5,0.18309859154929578,-0.23926380368098144,-0.22785268059210959,0.1830985915492959,-0.05082178464042681,0.3333333333333333,0.08,-0.5614035087719298,-0.25,-0.25169324885296046,0.0,0.0,0.0,1.0,1.0,0.0,1.0,0.0,0.0,0.0,0.0,1.0,0.0,0.0,0.0,0.0,1.0,0.0,0.0,0.0,0.0,0.0,0.0,1.0,0.0,0.0,1.0,0.0,-0.2500875193522799,-0.061076483411909396,-0.3307701631897854,0.3301635716193838,-0.5856441232858965,0.1986495598126915,-0.5493494975202413,-0.666311756325109,0.19864955981269175,-0.32522205365395196,0.37976217386786987,0.14395361073763976,-0.9240270359834143,-0.6100016358346507,-0.39585562727702506,0.3571428571428572,0.39929947460595444,0.269179004037685,0.5666666666666667,0.16666666666666666,0.4366812227074236,0.2585624698504583,0.3768375216193594,0.43668122270742366,0.3367010163606818,0.625,0.5454545454545454,0.2,0.3333333333333333,0.3512532981530343,11.225256725762893,9.770013301136158,9.937937287265354,0.07076119678532525,-0.10499475626621821,0.33328198595184105,0.29536173986813846,-0.14089851571574566,0.07076097722669986,-0.10499603594433232,0.3332765522958225,-0.4151052135624659,0.2947580137778279,-0.42490592406493966,-0.6371199701222816,0.2923347204676623,-0.1789912834830973,0.3659131582216692,0.2112549964917656,-0.8767002378700625,-0.5634051282968953,-0.2819941294759334
CUST0048,0,0.8484848484848485,1.9942528735632183,1.536,1.2641975308641975,-1.0,1.1690140845070423,-0.8220858895705518,0.06214164021790151,1.1690140845070423,0.7779711979743631,-0.6666666666666666,-0.88,-0.14035087719298245,0.5,0.8590779986890976,0.0,0.0,0.5,3.0,1.0,0.0,0.0,0.0,0.0,1.0,0.0,1.0,0.0,0.0,0.0,0.0,0.0,0.0,1.0,0.0,0.0,1.0,0.0,0.0,1.0,0.0,0.0,0.0,1.2116112238939238,2.222218754766284,1.6275730473584078,1.864996868106745,-1.1304293542495212,1.4847045135133532,-1.2645319190274715,-0.3361719215159044,1.4847045135133532,0.6096290035849673,-1.0011911856515807,-1.5413569539957033,-0.23424013509377373,0.8113613991198751,1.236300415929978,0.7380952380952381,1.0,0.7967698519515477,0.9333333333333333,0.0,0.74235807860262,0.07525325615050654,0.4493361018218623,0.7423580786026202,0.5833728640781597,0.25,0.0,0.4,0.8333333333333333,0.7704485488126649,11.98761186292033,10.645448706505872,10.304475988617215,1.8955742314192965,1.4399147839654902,1.856221410588403,1.3797245976267043,1.1787766537045155,1.8955745453566806,1.439916575239111,1.8562368483240823,-1.470137013858265,1.3810946249434803,-1.6505207448951738,-0.21920737097759227,1.3865082951161973,0.7246994773230996,-1.0020684170008254,-1.6643776620603514,-0.1347607355923308,0.8152389613984048,1.1632067449402497
CUST0049,1,-0.9090909090909091,-1.2413793103448276,-0.704,-1.4024691358024692,2.0,-1.1690140845070423,2.118098159509202,1.3671160835483114,-1.1690140845070425,-0.6675558971808374,1.0,0.88,0.3508771929824561,-0.25,-1.0347389119510597,0.0,1.0,-0.5,0.0,0.0,1.0,0.0,1.0,0.0,0.0,0.0,0.0,0.0,0.0,1.0,0.0,0.0,0.0,0.0,0.0,1.0,0.0,1.0,0.0,0.0,0.0,0.0,1.0,-1.4377177482398205,-1.5255807178119167,-1.1700601105675825,-1.9023212232713236,2.1382820315322264,-1.5650829481196444,2.343375191576109,1.1494573347673187,-1.5650829481196444,-1.0208777230886956,1.300397746880837,1.548379081348759,0.5705112492774735,-0.6100016358346507,-1.546455009427674,0.04761904761904767,0.014010507880910683,0.04306864064602961,0.03333333333333344,1.0,0.017467248908296956,1.0,0.7755797126544646,0.017467248908296942,0.15314378761728853,0.875,0.9999999999999999,0.6333333333333333,0.3333333333333333,0.05573878627968337,9.90353755128617,8.853808274977197,9.53827627757511,-1.8685287495159317,-1.595187624980845,-1.91210564059298,-1.8247526006808754,-1.6278336534140183,-1.8685268365769674,-1.5951863340573942,-1.9120875806012403,1.6616098444452727,-1.8203184026567978,1.834198027178209,1.1925817783216366,-1.803279311146319,-1.099785408742775,1.3132068632648326,1.4526811111297209,0.6148966267658237,-0.5634051282968953,-1.7123857395666902
CUST0050,0,0.36363636363636365,0.0,0.704,0.4246913580246914,-0.5,0.7464788732394366,-0.35582822085889565,1.9398268755427766,0.7464788732394366,-0.20292541767458677,0.0,0.4,-0.631578947368421,0.75,0.013982958269608914,0.0,0.0,0.5,2.0,1.0,0.0,0.0,0.0,1.0,0.0,0.0,1.0,0.0,0.0,0.0,0.0,0.0,0.0,1.0,0.0,0.0,0.0,0.0,1.0,0.0,0.0,1.0,0.0,0.48076185227082197,-0.08770383312827316,0.5884521601287543,0.6789893208210569,-0.5856441232858965,0.9335381047844982,-0.6923859818216875,1.8014516418778128,0.9335381047844982,-0.49678991816850315,-0.08055561263861369,0.7057237989820875,-1.038991519465021,1.2851490774380505,-0.005473694047340618,0.5476190476190477,0.3922942206654992,0.5168236877523553,0.6500000000000001,0.16666666666666666,0.611353711790393,0.22190062711046793,0.9187574106530809,0.6113537117903931,0.29143074381722317,0.5,0.7272727272727273,0.16666666666666669,1.0,0.45151715039577833,11.211833885608513,10.275085591132715,9.85319375848166,0.044242360281079675,0.77125472974298,0.680752526313933,0.9387059228549303,0.5682418082519829,0.0442421121214374,0.7712582600938435,0.680749629780197,-0.4151052135624659,0.9393046444654777,-0.6260953705773911,1.6326976484559321,0.9416983076293357,-0.3797121616486315,-0.09703822371653739,0.7284330216692334,-1.0149975320892721,1.2442680937831454,0.0970891718780173
CUST0051,0,-0.36363636363636365,0.16091954022988506,0.32,-0.16790123456790124,0.5,0.2676056338028169,0.47852760736196287,0.46414434943236554,0.26760563380281704,0.9559378744376364,0.6666666666666666,-0.72,-0.07017543859649122,-0.75,-0.4457067948437841,0.0,0.0,0.0,1.0,0.0,1.0,1.0,0.0,0.0,0.0,0.0,0.0,1.0,0.0,0.0,1.0,0.0,0.0,0.0,0.0,0.0,0.0,0.0,1.0,0.0,0.0,1.0,0.0,-0.6155122051638309,0.09868761488627321,0.1088579044842988,-0.1581924772629584,0.5039263386413527,0.30888284155846246,0.33145411633603156,0.12148224095945347,0.30888284155846274,0.8103695252048457,0.8400799603743534,-1.2604718598734794,-0.11927565161216697,-1.5575769924710015,-0.6809371706223868,0.261904761904762,0.44133099824868655,0.38761776581426644,0.44999999999999996,0.5,0.46288209606986896,0.48432223830197774,0.5498367791254783,0.462882096069869,0.6363406978269863,0.75,0.09090909090909091,0.43333333333333335,0.0,0.2780343007915567,11.302216779257382,10.043292972227004,10.368290179989799,0.22615292363786482,0.3641086916519276,-0.15460544573814142,0.39678065847121513,-0.5447549894124771,0.22615286762966524,0.36411062105904607,-0.1546119554526944,0.7057928550957371,0.396363525796126,0.5352024724864775,0.28948003588971966,0.39469005943828694,0.8881104097594171,0.8359598022605282,-1.2928902008372058,-0.021648592776934584,-1.6298130865660272,-0.5798669092790113
CUST0052,0,1.0303030303030303,-0.6896551724137931,-0.48,-0.26666666666666666,0.0,0.0,0.16564417177914123,-0.15535410042658138,0.0,-0.5619333981416585,-1.0,0.88,1.1228070175438596,0.75,0.8704391522831549,0.0,0.0,0.0,1.0,1.0,0.0,0.0,0.0,0.0,1.0,1.0,0.0,0.0,0.0,0.0,0.0,0.0,0.0,0.0,1.0,0.0,0.0,1.0,0.0,0.0,1.0,0.0,0.0,1.485679738252587,-0.8865243246191862,-0.8902967947749835,-0.2977227769436276,-0.040858892322271946,-0.040189217303145675,-0.05248592047311273,-0.583776797664901,-0.04018921730314555,-0.9017390395256779,-1.4615089721580643,1.548379081348759,1.8351205675751479,1.2851490774380505,1.2529943801799317,0.8095238095238095,0.18213660245183888,0.11843876177658141,0.41666666666666674,0.3333333333333333,0.3799126637554585,0.3859141341051616,0.3949621666607415,0.3799126637554585,0.18457998163081984,0.125,0.9999999999999999,0.9999999999999999,1.0,0.7747361477572559,10.691967639914864,9.259225769705994,9.619066822786719,-0.8616943522895856,-0.9510918939996583,-0.2943191508253934,0.06840068112155219,1.3878770406972392,-0.8616953480760016,-0.9510972712425653,-0.2943254016319829,0.23232450656259837,0.06739967512325364,0.16490181027060904,-0.5282664128216079,0.063385083733324,-0.9188636162945335,-1.444350194799969,1.4526811111297209,1.6532764994759765,1.2442680937831454,1.176499106600357
CUST0053,0,-0.5454545454545454,0.5747126436781609,0.384,0.7209876543209877,-1.0,0.5211267605633803,-0.6503067484662576,-0.10356940024509544,0.5211267605633805,-0.05163565663644788,-0.3333333333333333,0.56,0.9122807017543859,-0.75,0.28839851431068386,0.0,0.0,0.5,2.0,0.0,1.0,0.0,1.0,0.0,0.0,0.0,1.0,0.0,0.0,0.0,0.0,1.0,0.0,0.0,0.0,0.0,0.0,0.0,1.0,1.0,0.0,0.0,0.0,-0.8895807195224941,0.577979909780821,0.1887902804250414,1.0975802198630644,-1.1304293542495212,0.6395826867957755,-1.0537413105832354,-0.5248232556927447,0.6395826867957758,-0.32614007433209163,-0.5408733991450972,0.9866088931043112,1.4902271171303276,-1.5575769924710015,0.3977497501438466,0.19047619047619047,0.5674255691768828,0.40915208613728127,0.7500000000000002,0.0,0.5414847161572053,0.12928123492522914,0.40790834170611295,0.5414847161572054,0.33645878541365964,0.375,0.8181818181818182,0.9,0.0,0.5550791556728232,11.502885230075814,10.085850775128717,9.937502431123406,0.6594108843538338,0.43821889024618166,1.096643530092799,0.6900642498905963,-0.8752313493921745,0.6594112117660027,0.4382212214912618,1.0966454715333562,-1.470137013858265,0.6901988249401592,-1.223158819001793,-0.4523431850337045,0.6907407595169123,-0.18002897285340252,-0.552998013619747,0.9758902346639434,1.3826944029077537,-1.6298130865660272,0.4627005331808582
CUST0054,0,0.12121212121212122,0.06896551724137931,0.0,0.12839506172839507,-0.5,0.04225352112676056,-0.2883435582822085,-0.2219344291464171,0.04225352112676057,-0.056609318834354425,0.3333333333333333,-0.08,-0.8421052631578947,0.0,-0.2219794625300415,0.0,0.0,0.0,1.0,1.0,0.0,0.0,0.0,1.0,0.0,0.0,1.0,0.0,0.0,0.0,0.0,0.0,1.0,0.0,0.0,0.0,0.0,0.0,1.0,0.0,0.0,1.0,0.0,0.11533716645927103,-0.007821783979181858,-0.2908039752194141,0.2603984217790492,-0.5856441232858965,0.014927423569739823,-0.609575385647166,-0.6595742086752696,0.014927423569739954,-0.33175020069850086,0.37976217386786987,-0.13693148338458408,-1.3838849699098412,-0.13621395751647544,-0.35219449000791564,0.45238095238095244,0.4133099824868652,0.2799461641991925,0.55,0.16666666666666666,0.39301310043668125,0.24312590448625182,0.37831708448078255,0.39301310043668125,0.3349784851818581,0.625,0.4545454545454545,0.06666666666666668,0.5,0.36246701846965695,11.251573687764477,9.798182590890704,9.934840860194123,0.12325324148053954,-0.05717832683715129,0.26368737570872386,0.12171193091359812,0.22812477779011217,0.12325307805748852,-0.05717925152101392,0.2636816065828773,-0.4151052135624659,0.1208008990648921,-0.5075748595587765,-0.6281199990454259,0.11714564382600026,-0.18637849171861146,0.3659131582216692,-0.06082211593210132,-1.4731751990491697,-0.08458132338290045,-0.23811118198137143
CUST0055,1,0.5454545454545454,-0.3448275862068966,0.64,-0.8592592592592593,2.0,-0.4084507042253521,1.7546012269938647,2.2647972329304524,-0.4084507042253522,1.2838378586123478,0.0,-0.88,0.7719298245614035,0.75,0.2097443740441337,1.0,1.0,-0.5,0.0,0.0,1.0,1.0,0.0,0.0,0.0,0.0,0.0,1.0,0.0,0.0,1.0,0.0,0.0,0.0,0.0,0.0,0.0,0.0,1.0,0.0,1.0,0.0,0.0,0.7548303666294852,-0.4871140788737297,0.5085197841880117,-1.1349045750276427,2.1382820315322264,-0.5729834124077056,1.897327207636073,2.1714094390035825,-0.5729834124077055,1.1802298561975706,-0.08055561263861369,-1.5413569539957033,1.260298150167114,1.2851490774380505,0.2821761514903216,0.6190476190476191,0.28721541155866903,0.4952893674293405,0.21666666666666656,1.0,0.2532751091703057,0.885672937771346,1.0,0.25327510917030566,0.7339328549272126,0.5,0.0,0.8333333333333334,1.0,0.5253957783641161,10.985309671896763,10.239995502805316,10.476160579628198,-0.3784336499448081,0.7090649461329359,-1.1357353456133148,-0.482212652165233,0.8071098649792317,-0.3784343445846277,0.7090683384865796,-1.1357341773378262,1.6616098444452727,-0.4839080684268315,1.6083952062130547,1.846640986791537,-0.4906157447138554,1.1685684732382557,-0.09703822371653739,-1.6643776620603514,1.197559426363707,1.2442680937831454,0.36018795735855813
CUST0056,0,-0.7878787878787878,-1.0804597701149425,-0.672,-0.4148148148148148,0.0,-0.8309859154929577,0.441717791411043,0.37975446762868076,-0.8309859154929577,-0.9778219881084255,1.3333333333333333,-0.56,-0.3508771929824561,0.75,-1.1055276381909547,0.0,0.0,-0.5,1.0,1.0,0.0,0.0,0.0,0.0,1.0,0.0,0.0,0.0,1.0,0.0,0.0,0.0,1.0,0.0,0.0,0.0,0.0,1.0,0.0,0.0,1.0,0.0,0.0,-1.255005405334045,-1.3391892697973702,-1.1300939225972113,-0.5070182264646315,-0.040858892322271946,-1.1241498211365606,0.28628470024083846,0.0254098021599037,-1.1241498211365601,-1.3708476060550603,1.7607155333873203,-0.9795867657512556,-0.579133585538594,1.2851490774380505,-1.6504712482158466,0.09523809523809534,0.06304728546409807,0.053835800807537,0.3666666666666669,0.3333333333333333,0.12227074235807861,0.472744814278823,0.5287393086745571,0.12227074235807862,0.06079996770254037,1.0,0.1818181818181818,0.3,1.0,0.029023746701846966,10.203629181337648,8.922791623969637,9.254357257392957,-1.5294574687513245,-1.4872637893146434,-0.5041626117145644,-1.149318666493643,-1.3612725460346997,-1.5294575110140654,-1.487264702702231,-0.5041679741535322,0.23232450656259837,-1.1504598183713937,0.49468322050577046,0.18892128518580883,-1.154590422859869,-1.7154606706976419,1.7977610014145768,-0.9553801083304739,-0.4901029657510025,1.2442680937831454,-1.9121323820200344
CUST0057,0,1.5151515151515151,-0.5057471264367817,-0.32,-0.11851851851851852,-0.5,-0.49295774647887325,-0.12883435582822092,4.286657250761908e-12,-0.49295774647887336,-0.5402301449144302,-1.3333333333333333,0.08,0.42105263157894735,0.0,1.3318767751802492,0.0,0.0,-0.5,2.0,0.0,1.0,0.0,1.0,0.0,0.0,1.0,0.0,0.0,0.0,0.0,0.0,0.0,0.0,0.0,1.0,0.0,0.0,0.0,1.0,0.0,0.0,1.0,0.0,2.216529109875689,-0.673505526888276,-0.6904658549231271,-0.0884273274226238,-0.5856441232858965,-0.6832166941534765,-0.413841249234661,-0.4069161718777467,-0.6832166941534764,-0.8772584881086196,-1.9218267586645479,0.14395361073763976,0.6854757327590804,-0.13621395751647544,1.9310261589472784,1.0,0.2381786339754816,0.1722745625841184,0.46666666666666656,0.16666666666666666,0.22707423580786026,0.2932947419199228,0.43380069176845854,0.22707423580786024,0.19103947355140838,0.0,0.5454545454545454,0.6666666666666666,0.5,0.9488786279683377,10.859018228147887,9.472781556562168,9.634888894560614,-0.5948622128939492,-0.6021281742668253,-0.08480230542287104,-0.6058792053343843,1.9027054791486113,-0.5948630910085329,-0.6021327287614084,-0.08480884748766264,-0.4151052135624659,-0.607634276083193,-0.24876823559887248,-0.3049195685370237,-0.6145335505427086,-0.8831278763599925,-1.8799426831019346,0.2112549964917656,0.7152152483558079,-0.08458132338290045,1.6992192083907118
CUST0058,0,-0.24242424242424243,-0.022988505747126436,-0.0768,0.0,0.0,-0.07042253521126761,0.04294478527607378,-0.2715504549580771,-0.07042253521126751,0.20292541767458677,0.6666666666666666,0.72,-0.21052631578947367,0.5,-0.6825431505352851,0.0,0.0,0.0,1.0,1.0,0.0,0.0,0.0,1.0,0.0,0.0,1.0,0.0,0.0,0.0,0.0,0.0,0.0,0.0,0.0,1.0,0.0,0.0,1.0,0.0,0.0,1.0,0.0,-0.4327998622580554,-0.11433118284463693,-0.3867228263483052,0.07900903219417925,-0.040858892322271946,-0.13205028542462152,-0.20305064079042437,-0.7160588547179835,-0.13205028542462124,-0.03900360666951043,0.8400799603743534,1.2674939872265352,-0.3492046185753805,0.8113613991198751,-1.028942117679112,0.30952380952380953,0.3852889667250438,0.25410497981157465,0.5066666666666666,0.3333333333333333,0.3580786026200873,0.34732272069464554,0.3659130780278676,0.3580786026200874,0.4122232427322304,0.75,0.9090909090909091,0.3666666666666667,0.8333333333333333,0.18865435356200527,11.19822841866684,9.729193687429403,10.065053528117518,0.01753665820401564,-0.17406731660995806,0.08258119229870595,-0.021799049694872223,-0.3380303962167293,0.017536381121237215,-0.17406910820229435,0.08257482994784252,0.23232450656259837,-0.022946083811677148,0.0014177207376930498,-0.7042097395405771,-0.02754169870342089,0.1277932839367981,0.8359598022605282,1.2170854189139102,-0.25036335907475205,0.8152389613984048,-0.978375870099613
CUST0059,0,0.24242424242424243,1.9942528735632183,1.856,1.3135802469135802,-1.0,1.3943661971830985,-0.9202453987730059,0.2538929870251472,1.3943661971830987,0.6884452784120451,-0.6666666666666666,-0.08,-0.9122807017543859,0.5,0.7367271138300197,0.0,0.0,0.5,3.0,0.0,1.0,1.0,0.0,0.0,0.0,0.0,1.0,0.0,0.0,0.0,0.0,0.0,0.0,1.0,0.0,0.0,1.0,0.0,0.0,1.0,0.0,0.0,0.0,0.2980495093650465,2.222218754766284,2.027234927062121,1.9347620179470797,-1.1304293542495212,1.778659931502076,-1.384983695281321,-0.11787537769889463,1.778659931502076,0.508646728989601,-1.0011911856515807,-0.13693148338458408,-1.498849453391448,0.8113613991198751,1.0565192624689392,0.5,1.0,0.9044414535666216,0.95,0.0,0.8122270742358079,0.044380125422093575,0.4972739385236737,0.812227074235808,0.5567274599057317,0.25,0.4545454545454545,0.03333333333333333,0.8333333333333333,0.7242744063324538,11.98761186292033,10.757924157061597,10.270766079259051,1.8955742314192965,1.647487850224048,1.925095993461548,1.6035751178841027,0.40148762749867195,1.8955745453566806,1.6474876995952386,1.9251129336913118,-1.470137013858265,1.6052974546350574,-1.9305524721133884,0.03296747048865149,1.6120493859140748,0.6391195153620993,-1.0020684170008254,-0.06082211593210132,-1.6477973204907628,0.8152389613984048,1.018608603206713
CUST0060,1,-0.6060606060606061,-0.9885057471264368,-0.384,-1.2049382716049384,1.5,-1.0,1.4294478527607357,1.8742720501572239,-1.0,-0.38649876788822846,1.0,-0.88,0.21052631578947367,-0.25,-0.7410967882892725,0.0,1.0,-0.5,0.0,1.0,0.0,0.0,0.0,0.0,1.0,0.0,0.0,0.0,0.0,1.0,0.0,1.0,0.0,0.0,0.0,0.0,0.0,1.0,0.0,0.0,0.0,0.0,1.0,-0.9809368909753818,-1.2326798709319151,-0.7703982308638696,-1.6232606239099852,1.5934968005686019,-1.3446163846281025,1.4983306987951968,1.7268217002869517,-1.3446163846281023,-0.7038545822377894,1.300397746880837,-1.5413569539957033,0.3405822823142601,-0.6100016358346507,-1.1149802411211807,0.16666666666666674,0.09106830122591944,0.15074024226110364,0.10000000000000009,0.8333333333333333,0.06986899563318777,0.7834056922334781,0.9023687043066928,0.06986899563318778,0.23679420798891104,0.875,0.0,0.5666666666666667,0.3333333333333333,0.16655672823218998,10.34177474101152,9.392745258631441,9.740321354781914,-1.3561600108001146,-0.7337083767335436,-1.629195447840446,-1.4630807500708356,-0.991477649886496,-1.3561605651237512,-0.7337134634257365,-1.6291847672251756,1.3936420011372528,-1.4626877680882404,1.382581479585034,1.5866080943941816,-1.4606400172067018,-0.6424259794373574,1.3132068632648326,-1.6643776620603514,0.4097638028371788,-0.5634051282968953,-1.085111506113577
CUST0061,0,-0.06060606060606061,0.11494252873563218,0.064,0.2271604938271605,-0.5,0.323943661971831,-0.4539877300613495,-0.1297895015903609,0.32394366197183094,-0.2010263830172043,0.3333333333333333,-0.72,0.7017543859649122,0.0,-0.1363338431286869,0.0,0.0,0.5,1.0,0.0,1.0,0.0,1.0,0.0,0.0,0.0,1.0,0.0,0.0,0.0,0.0,0.0,0.0,1.0,0.0,0.0,0.0,0.0,1.0,0.0,0.0,1.0,0.0,-0.1587313478993922,0.04543291545354568,-0.21087159927867152,0.3999287214597184,-0.5856441232858965,0.38237169605564314,-0.8128377580755366,-0.5546731503480187,0.38237169605564314,-0.49464786991951054,0.37976217386786987,-1.2604718598734794,1.1453336666855074,-0.13621395751647544,-0.2263476825851884,0.38095238095238093,0.4273204903677759,0.3014804845222072,0.5833333333333333,0.16666666666666666,0.48034934497816595,0.19102749638205502,0.4013533163697966,0.4803493449781659,0.2919959493602747,0.625,0.09090909090909091,0.8,0.5,0.39478891820580475,11.277215789596893,9.852246888342531,9.854297308345357,0.1750415160847415,0.034938481421425534,0.4028427618944008,0.46332560133834766,-0.04563814080655946,0.17504140722875292,0.03493823409957315,0.40283772206876156,-0.4151052135624659,0.4630326673771366,-0.8095281841692868,-0.4905975439297434,0.46185845773839235,-0.3771176252504321,0.3659131582216692,-1.2928902008372058,1.1034320849245896,-0.08458132338290045,-0.1138499277125497
CUST0062,0,0.48484848484848486,0.9655172413793104,1.344,0.37530864197530867,0.0,0.8591549295774648,0.39263803680981574,1.1785483480627548,0.859154929577465,2.052946894852259,-0.3333333333333333,-0.4,-0.42105263157894735,-0.5,0.4649333624644964,0.0,0.0,0.5,2.0,1.0,0.0,0.0,0.0,1.0,0.0,0.0,0.0,1.0,0.0,0.0,1.0,0.0,0.0,0.0,0.0,0.0,1.0,0.0,0.0,0.0,0.0,1.0,0.0,0.6634741951765974,1.030644854959005,1.38777591953618,0.6092241709807222,-0.040858892322271946,1.0805158137788595,0.2260588121139135,0.934785127154216,1.0805158137788597,2.0477593970395787,-0.5408733991450972,-0.6987016716290317,-0.6940980690202008,-1.083789314152826,0.6571482715662027,0.5952380952380953,0.6865148861646235,0.7321668909825033,0.6333333333333335,0.3333333333333333,0.6462882096069869,0.4573082489146165,0.7284377787830756,0.6462882096069871,0.9628410998630719,0.375,0.2727272727272727,0.26666666666666666,0.16666666666666666,0.6217018469656992,11.661354090741,10.571342565808699,10.691149141813103,1.032328128068023,1.3043102393933932,0.6113245946754174,1.059305001981242,0.7289107687509887,1.0323286502962892,1.3043129143910515,0.611321078646374,0.23232450656259837,1.0601229311148268,0.43948327396776776,1.0273390580165604,1.0633839864922885,1.7437533596680534,-0.552998013619747,-0.6410762157268445,-0.6149101270385241,-1.0718895762583827,0.6869718624592442
CUST0063,0,-0.42424242424242425,-0.11494252873563218,-0.1408,-0.0691358024691358,0.0,-0.18309859154929578,0.12269938650306746,-0.28729251032179615,-0.18309859154929575,0.1675672009585603,0.0,0.4,0.42105263157894735,-0.75,0.0,0.0,0.0,0.0,1.0,0.0,1.0,1.0,0.0,0.0,0.0,0.0,1.0,0.0,0.0,0.0,0.0,0.0,0.0,0.0,1.0,0.0,0.0,0.0,1.0,0.0,0.0,1.0,0.0,-0.7068683766167186,-0.220840581710092,-0.4666552022890478,-0.018662177582289188,-0.040858892322271946,-0.27902799441898285,-0.10518357258417202,-0.7339801696693214,-0.27902799441898263,-0.07888650501980146,-0.08055561263861369,0.7057237989820875,0.6854757327590804,-1.5575769924710015,-0.026020111585745062,0.23809523809523814,0.35726795096322245,0.2325706594885599,0.4833333333333336,0.3333333333333333,0.3231441048034934,0.37240713941148096,0.3619775641869378,0.3231441048034935,0.4016996538116047,0.5,0.7272727272727273,0.6666666666666666,0.0,0.4462401055408971,11.141876276228,9.6678285081515,10.04828029743767,-0.09123498367664676,-0.277423783739416,-0.015034597597287244,-0.16989111163197707,-0.6520431740115645,-0.09123537907766956,-0.27742632710488996,-0.01504110851464464,0.23232450656259837,-0.17125649084734354,0.10899723038394517,-0.7286567184895922,-0.1767129391721769,0.08691614735323681,-0.09703822371653739,0.7284330216692334,0.7152152483558079,-1.6298130865660272,0.07781863103146373
CUST0064,1,1.0909090909090908,-0.8735632183908046,-0.576,-0.7111111111111111,1.0,-0.8591549295774648,1.0490797546012267,-2.4925373239625405e-11,-0.859154929577465,-0.3405602152239277,-1.0,0.72,0.631578947368421,0.25,0.9027747432816255,0.0,1.0,-0.5,0.0,1.0,0.0,0.0,0.0,0.0,1.0,1.0,0.0,0.0,0.0,0.0,0.0,0.0,0.0,0.0,0.0,1.0,0.0,1.0,0.0,0.0,1.0,0.0,0.0,1.577035909705475,-1.0995431223500964,-1.0101953586860974,-0.925609125506639,1.0487115696049774,-1.1608942483851508,1.031580065811531,-0.4069161719110027,-1.1608942483851508,-0.652037415071682,-1.4615089721580643,1.2674939872265352,1.0303691832039006,0.33757372080169984,1.300507970737492,0.8333333333333333,0.12609457092819615,0.08613728129205922,0.26666666666666683,0.6666666666666666,0.11353711790393015,0.663772310660878,0.4338006917611555,0.11353711790393013,0.2504667992208237,0.125,0.9090909090909091,0.7666666666666667,0.6666666666666666,0.7869393139841688,10.491301994830229,9.105090961257085,9.76978471664462,-1.1551591430174397,-1.1987744893385324,-0.9248620369071813,-1.199150381516207,1.4554882296465672,-1.1551600205073937,-1.198778933203514,-0.9248637201369644,1.0813268416121362,-1.2001270476287718,1.082760181759707,-0.30491956857779445,-1.2035734695776692,-0.5743544576827894,-1.444350194799969,1.2170854189139102,1.0081951830290852,0.3733305371200544,1.214210408828139
CUST0065,0,-0.7272727272727273,-0.3218390804597701,-0.256,-0.21728395061728395,-0.5,-0.43661971830985913,-0.2208588957055215,-0.22785268060274294,-0.43661971830985913,-0.4089254628896976,0.6666666666666666,-0.4,-0.9122807017543859,0.5,-0.4867817347607603,0.0,0.0,-0.5,1.0,0.0,1.0,0.0,1.0,0.0,0.0,0.0,1.0,0.0,0.0,0.0,0.0,0.0,1.0,0.0,0.0,0.0,0.0,0.0,1.0,0.0,1.0,0.0,0.0,-1.1636492338811573,-0.46048672915736594,-0.6105334789823844,-0.227957627103293,-0.5856441232858965,-0.6097278396562958,-0.5267647894726447,-0.6663117563372144,-0.6097278396562956,-0.7291511520354161,0.8400799603743534,-0.6987016716290317,-1.498849453391448,0.8113613991198751,-0.7412922721414498,0.11904761904761907,0.29422066549912435,0.19380888290713325,0.43333333333333335,0.16666666666666666,0.2445414847161572,0.26435118186203566,0.3768375216167011,0.24454148471615722,0.23011939967096956,0.75,0.2727272727272727,0.03333333333333333,0.8333333333333333,0.262532981530343,11.002116507732017,9.546884034617925,9.725616079415785,-0.3486286765567381,-0.47944509470049285,-0.2244442992063102,-0.5229944607131598,-1.2342687757626993,-0.34862934216649466,-0.47944898001027536,-0.22445071214950785,-0.4151052135624659,-0.5247150104587477,-0.3946275357153592,-0.6371199701384704,-0.5315090460596937,-0.6762681829856536,0.8359598022605282,-0.6410762157268445,-1.6477973204907628,0.8152389613984048,-0.6458305629146114
CUST0066,0,0.06060606060606061,0.6436781609195402,0.0,0.5728395061728395,-1.0,0.6901408450704225,-0.5521472392638035,-1.0052324144518332,0.6901408450704227,0.1526462143648407,0.0,0.08,0.2807017543859649,0.75,0.05680576797028621,0.0,0.0,0.5,2.0,1.0,0.0,0.0,0.0,1.0,0.0,0.0,1.0,0.0,0.0,0.0,0.0,0.0,0.0,1.0,0.0,0.0,1.0,0.0,0.0,1.0,0.0,0.0,0.0,0.02398099500638329,0.6578619589299124,-0.2908039752194141,0.8882847703420607,-1.1304293542495212,0.8600492502873175,-0.9332895343293861,-1.5513084562729405,0.8600492502873177,-0.09571688411902914,-0.08055561263861369,0.14395361073763976,0.4555467657958668,1.2851490774380505,0.057449709664023,0.4285714285714286,0.5884413309982488,0.2799461641991925,0.7,0.0,0.5938864628820961,0.16015436565364205,0.18249258815442854,0.5938864628820962,0.3972587531162,0.5,0.5454545454545454,0.6,1.0,0.4676781002638522,11.532737896139919,9.798182590890704,10.041116787524166,0.7275087586028873,-0.05717832683715129,0.8888416271435815,0.877509502125048,0.13878201645393723,0.7275091323723193,-0.05717925152101392,0.8888409135514924,-1.470137013858265,0.8779952251208945,-1.007771282149337,-2.019958636040106,0.8799397174468996,0.06949528545843303,-0.09703822371653739,0.2112549964917656,0.5131116326541167,1.2442680937831454,0.15568782636545045
CUST0067,1,0.7878787878787878,0.3448275862068966,1.472,-0.6617283950617284,1.5,0.23943661971830985,1.6012269938650303,2.2647972329304524,0.2394366197183098,2.177797119797437,-0.3333333333333333,-0.56,-0.7017543859649122,-0.5,0.4955210836792659,1.0,1.0,0.0,1.0,0.0,1.0,1.0,0.0,0.0,0.0,0.0,0.0,1.0,0.0,0.0,1.0,0.0,0.0,0.0,0.0,0.0,0.0,0.0,1.0,0.0,1.0,0.0,0.0,1.1202550524410362,0.31170641261718335,1.5476406714176654,-0.8558439756663044,1.5934968005686019,0.2721384143098722,1.7091213072394333,2.1714094390035825,0.2721384143098722,2.1885863191236483,-0.5408733991450972,-0.9795867657512556,-1.1539560029466278,-1.083789314152826,0.7020935599314625,0.7142857142857144,0.4973730297723293,0.775235531628533,0.28333333333333344,0.8333333333333333,0.4541484716157206,0.8374336710082008,1.0,0.45414847161572053,1.0,0.375,0.1818181818181818,0.13333333333333333,0.16666666666666666,0.6332453825857519,11.39640288460621,10.62135173563291,10.722068979004234,0.42431256566647757,1.3957199660281243,-0.854649609677226,0.36319273969022947,1.1068678721474898,0.424312701647475,1.3957220777828514,-0.8546520895734744,1.3936420011372528,0.36271339112289813,1.5049785797941935,1.846640986791537,0.36078984601159997,1.8282916498161534,-0.552998013619747,-0.9553801083304739,-1.1594705673990153,-1.0718895762583827,0.7250766014100576
CUST0068,0,-0.9696969696969697,-1.1954022988505748,-0.8,-0.8098765432098766,0.5,-0.9436619718309859,0.7239263803680978,-8.534079274496394e-11,-0.9436619718309861,-1.0612890828114752,1.3333333333333333,-0.24,-0.9824561403508771,-0.25,-1.1509722525671837,0.0,1.0,-0.5,0.0,1.0,0.0,0.0,0.0,0.0,1.0,0.0,0.0,0.0,1.0,0.0,0.0,0.0,1.0,0.0,0.0,0.0,0.0,1.0,0.0,0.0,1.0,0.0,0.0,-1.5290739196927083,-1.472326018379189,-1.2899586744786964,-1.0651394251873083,0.5039263386413527,-1.271127530130922,0.6325835569706548,-0.40691617197978175,-1.271127530130922,-1.4649957267131641,1.7607155333873203,-0.4178165775068079,-1.6138139368730549,-0.6100016358346507,-1.717247105215661,0.023809523809523836,0.028021015761821366,0.010767160161507403,0.23333333333333361,0.5,0.08733624454148473,0.5615050651230101,0.4338006917460517,0.08733624454148471,0.035957838357943306,1.0,0.36363636363636365,0.0,0.3333333333333333,0.011873350923482849,9.99884318585288,8.612685172875459,9.161885151706779,-1.7660920400048465,-1.967143373454316,-1.0654045619628851,-1.3542743788454226,-1.7680183097184343,-1.766090884806878,-1.9671295387828993,-1.06540442234172,0.7057928550957371,-1.3545611174714114,0.787814039466224,-0.30491956866210673,-1.3552025293055796,-1.9093987622523239,1.7977610014145768,-0.3441081639009865,-1.8415226253205064,-0.5634051282968953,-2.0723445172204955
CUST0069,0,0.30303030303030304,1.9942528735632183,2.14,1.4617283950617284,-1.0,2.0,-1.0613496932515336,1.5038276921396245,2.0,1.2875454977053327,-1.3333333333333333,-0.72,0.14035087719298245,-0.25,1.4673366834170853,0.0,0.0,0.5,3.0,0.0,1.0,0.0,1.0,0.0,0.0,0.0,1.0,0.0,0.0,0.0,0.0,0.0,0.0,1.0,0.0,0.0,1.0,0.0,0.0,1.0,0.0,0.0,0.0,0.38940568081793425,2.222218754766284,2.381934845299166,2.1440574674680835,-1.1304293542495212,2.568665117346768,-1.5581331236462295,1.3050946857015329,2.568665117346768,1.1844119503979849,-1.9218267586645479,-1.2604718598734794,0.2256177988326533,-0.6100016358346507,2.1300695788505712,0.5238095238095237,1.0,1.0,1.0000000000000002,0.0,1.0,0.0,0.8097576148022929,1.0,0.7350363514636467,0.0,0.09090909090909091,0.5333333333333333,0.3333333333333333,1.0,11.98761186292033,10.84814219829971,10.477316144080852,1.8955742314192965,1.8155295325397403,2.13154757602007,2.1733654931665978,0.48565652887012284,1.8955745453566806,1.81552726012419,2.1315692831907165,-1.470137013858265,2.1758292781251707,-2.392878846553052,1.3057162802732825,2.1852219907194743,1.17160196547717,-1.8799426831019346,-1.2928902008372058,0.30474486441236204,-0.5634051282968953,1.8469957805555912
CUST0070,0,-0.18181818181818182,0.0,-0.064,0.07901234567901234,-0.5,-0.014084507042253521,-0.15950920245398778,-0.27711812505030825,-0.014084507042253622,0.011213347500734742,0.3333333333333333,0.56,-0.07017543859649122,0.0,-0.3382128031461656,0.0,0.0,0.0,1.0,1.0,0.0,0.0,0.0,1.0,0.0,0.0,1.0,0.0,0.0,0.0,0.0,1.0,0.0,0.0,0.0,0.0,0.0,0.0,1.0,0.0,0.0,1.0,0.0,-0.3414436908051677,-0.08770383312827316,-0.3707363511601567,0.19063327193871463,-0.5856441232858965,-0.058561430927440844,-0.4514824293139889,-0.7223972881031171,-0.058561430927440844,-0.25524847752019325,0.37976217386786987,0.9866088931043112,-0.11927565161216697,-0.13621395751647544,-0.5229865857959026,0.33333333333333337,0.3922942206654992,0.25841184387617766,0.5333333333333334,0.16666666666666666,0.37554585152838427,0.2836468885672938,0.3645211605048098,0.37554585152838427,0.3551643974336976,0.625,0.8181818181818182,0.43333333333333335,0.5,0.31860158311345643,11.211833885608513,9.741027444837728,9.970538539785737,0.044242360281079675,-0.15406935568013647,0.19405867456885106,0.05049790263008548,-0.23832596221348343,0.0442421121214374,-0.15407099946075264,0.19405262914461294,-0.4151052135624659,0.049467255594415734,-0.2963964880088386,-0.7128392251892663,0.04533448446861323,-0.10096765134811486,0.3659131582216692,0.9758902346639434,-0.021648592776934584,-0.08458132338290045,-0.4122557568284076
CUST0071,0,0.6666666666666666,1.0804597701149425,1.088,0.8197530864197531,-1.0,1.0,-0.6687116564417175,0.536677801496698,1.0,0.33133633260235595,-0.6666666666666666,0.4,0.9824561403508771,0.5,0.6327288616998034,0.0,0.0,0.5,2.0,0.0,1.0,1.0,0.0,0.0,0.0,0.0,1.0,0.0,0.0,0.0,0.0,0.0,0.0,1.0,0.0,0.0,1.0,0.0,0.0,1.0,0.0,0.0,0.0,0.9375427095352606,1.163781603540824,1.0680464157732097,1.2371105195437337,-1.1304293542495212,1.264237950021811,-1.076326018630832,0.20405689902783794,1.264237950021811,0.105839655881419,-1.0011911856515807,0.7057237989820875,1.6051916006119344,0.8113613991198751,0.9037052820270561,0.6666666666666667,0.7215411558669003,0.6460296096904441,0.7833333333333334,0.0,0.6899563318777293,0.12349252291365176,0.5679701421415613,0.6899563318777293,0.4504419032623798,0.25,0.7272727272727273,0.9333333333333333,0.8333333333333333,0.6850263852242744,11.703554089007538,10.463131911491967,10.123706832333092,1.1365159272846983,1.1079365271156787,1.2350215589870068,1.206893509130954,0.9595011497713563,1.1365164760044513,1.1079399773089962,1.235025523862804,-1.470137013858265,1.2079718998675104,-1.265677440284143,0.37344132657799073,1.2122551640949748,0.27169186805829376,-1.0020684170008254,0.7284330216692334,1.4737960989467376,0.8152389613984048,0.8935007998328353
CUST0072,0,-0.48484848484848486,0.25287356321839083,0.512,0.0,0.5,0.352112676056338,0.6073619631901838,0.7639766350394436,0.35211267605633817,1.2595121289534958,0.6666666666666666,0.88,-0.7719298245614035,0.75,-0.7017697181559974,0.0,0.0,0.5,1.0,1.0,0.0,0.0,0.0,0.0,1.0,0.0,0.0,1.0,0.0,0.0,1.0,0.0,0.0,0.0,0.0,0.0,0.0,0.0,1.0,0.0,0.0,1.0,0.0,-0.7982245480696063,0.20519701375172827,0.34865503230652656,0.07900903219417925,0.5039263386413527,0.4191161233042335,0.4895470726692089,0.4628219643178214,0.41911612330423376,1.152791238150951,0.8400799603743534,1.548379081348759,-1.2689204864282344,1.2851490774380505,-1.0571934417944182,0.2142857142857143,0.4693520140105079,0.4522207267833108,0.5066666666666666,0.5,0.48908296943231444,0.5248432223830197,0.6247948505272476,0.4890829694323145,0.7266928410662197,0.75,0.9999999999999999,0.1,1.0,0.18139841688654354,11.350418300109132,10.165890277802454,10.468545647075837,0.3264445726068066,0.5783806099641694,0.08258119229870595,0.4962917869754006,-0.7621468177574207,0.3264446166549679,0.5783835776012883,0.08257482994784252,0.7057928550957371,0.4960607344425489,0.6714424320423777,0.6225447128577598,0.4951352383104699,1.1485938878357884,0.8359598022605282,1.4526811111297209,-1.311509211666458,1.2442680937831454,-1.012986082916826
CUST0073,1,0.42424242424242425,0.0,-0.128,-1.451851851851852,2.0,-1.2253521126760563,2.118098159509202,-0.4618635417663988,-1.2253521126760565,2.177797119797437,0.0,-0.24,0.5614035087719298,0.5,0.10662005680576797,0.0,1.0,-0.5,0.0,0.0,1.0,0.0,1.0,0.0,0.0,0.0,0.0,0.0,0.0,1.0,0.0,0.0,0.0,0.0,0.0,1.0,0.0,0.0,1.0,0.0,0.0,0.0,1.0,0.5721180237237097,-0.08770383312827316,-0.4506687271008993,-1.972086373111658,2.1382820315322264,-1.6385718026168252,2.343375191576109,-0.9327180322681948,-1.638571802616825,2.1885863191236483,-0.08055561263861369,-0.4178165775068079,0.9154046997222939,0.8113613991198751,0.13064632214458882,0.5714285714285714,0.3922942206654992,0.23687752355316286,0.01666666666666683,1.0,0.0,1.0,0.3183348063257871,0.0,1.0,0.5,0.36363636363636365,0.7333333333333333,0.8333333333333333,0.48647757255936674,11.211833885608513,9.680406499268875,10.722068979004234,0.044242360281079675,-0.25628590790197436,-1.9829432641062477,-1.9618620116707397,0.6493067347671223,0.0442421121214374,-0.2562882997595704,-1.982923122634779,1.6616098444452727,-1.9547867933771672,1.834198027178209,-1.0099822773028697,-1.9286664073821735,1.8282916498161534,-0.09703822371653739,-0.3441081639009865,0.9117904342423694,0.8152389613984048,0.22309104033544927
CUST0074,0,-0.6666666666666666,0.4367816091954023,0.224,0.671604938271605,-1.0,0.43661971830985913,-0.7607361963190181,-0.2572530264699603,0.4366197183098593,-0.31641534600863597,-0.3333333333333333,0.08,-0.49122807017543857,-0.75,0.38627922219794625,0.0,0.0,0.5,2.0,1.0,0.0,0.0,0.0,1.0,0.0,0.0,1.0,0.0,0.0,0.0,0.0,0.0,1.0,0.0,0.0,0.0,0.0,0.0,1.0,1.0,0.0,0.0,0.0,-1.0722930624282696,0.4182158114826384,-0.011040659426815069,1.0278150700227298,-1.1304293542495212,0.5293494050500045,-1.1892495588688157,-0.6997821543119928,0.5293494050500047,-0.6248028016202045,-0.5408733991450972,0.14395361073763976,-0.8090625525018075,-1.5575769924710015,0.5415746729126777,0.1428571428571429,0.5253940455341506,0.35531628532974424,0.7333333333333336,0.0,0.5152838427947598,0.09454896285576464,0.36948743514989674,0.5152838427947599,0.25765298398247855,0.375,0.5454545454545454,0.23333333333333334,0.0,0.592018469656992,11.440365524765756,9.975854724662028,9.784929216411992,0.519920623356453,0.24725854274327855,1.0274077635099328,0.5940167027101736,-1.1110840675544873,0.5199208426404075,0.24725976191506613,1.0274087686088362,-1.470137013858265,0.5939698959116452,-1.4896133126359998,-0.6821343807085486,0.5937844549041236,-0.5392265787188567,-0.552998013619747,0.2112549964917656,-0.7435850384725348,-1.6298130865660272,0.5879929061675824
CUST0075,0,0.0,0.1839080459770115,0.128,0.1580246913580247,0.0,0.2112676056338028,0.0,-0.08336073678269565,0.21126760563380284,0.41308525309158306,0.3333333333333333,0.24,0.7719298245614035,0.0,-0.29538999344548833,0.0,0.0,0.0,1.0,0.0,1.0,1.0,0.0,0.0,0.0,0.0,1.0,0.0,0.0,0.0,0.0,0.0,0.0,0.0,1.0,0.0,0.0,0.0,1.0,0.0,0.0,1.0,0.0,-0.06737517644650444,0.125314964602637,-0.13093922333792893,0.30225751168325,-0.040858892322271946,0.2353939870612818,-0.25574829290148365,-0.5018169954371778,0.23539398706128195,0.19804973288567207,0.37976217386786987,0.4248387048598636,1.260298150167114,-0.13621395751647544,-0.46006318208453895,0.40476190476190477,0.4483362521891419,0.32301480484522205,0.5600000000000003,0.3333333333333333,0.4454148471615721,0.33381572600096476,0.41296050757171293,0.44541484716157204,0.47477265616326353,0.625,0.6363636363636364,0.8333333333333334,0.5,0.33476253298153036,11.314486721293981,9.90353755128617,10.159330600013353,0.2514627506717301,0.12274985635159451,0.305448216256032,0.32938811532939705,0.047557118298450336,0.2514627204025237,0.12275023670558813,0.3054426413637972,0.23232450656259837,0.32884654816468745,-0.05865542019695731,-0.4231194193588186,0.3266729662165563,0.35982222914661105,0.3659131582216692,0.4738972544628893,1.197559426363707,-0.08458132338290045,-0.34730407578428224
CUST0076,0,0.9696969696969697,1.9942528735632183,2.14,0.9185185185185185,-0.5,1.647887323943662,-0.10429447852760729,1.1392634031445965,1.6478873239436622,2.177797119797437,-1.0,-0.88,-0.21052631578947367,0.0,1.1789381691064016,0.0,0.0,0.5,3.0,1.0,0.0,0.0,0.0,0.0,1.0,0.0,0.0,1.0,0.0,0.0,1.0,0.0,0.0,0.0,0.0,0.0,1.0,0.0,0.0,1.0,0.0,0.0,0.0,1.3943235667996994,2.222218754766284,2.381934845299166,1.3766408192244028,-0.5856441232858965,2.109359776739389,-0.3837283051711985,0.8900617505393118,2.109359776739389,2.1885863191236483,-1.4615089721580643,-1.5413569539957033,-0.3492046185753805,-0.13621395751647544,1.7062997171209797,0.7857142857142858,1.0,1.0,0.8166666666666667,0.16666666666666666,0.8908296943231441,0.30101302460202606,0.718616542553536,0.8908296943231442,1.0,0.125,0.0,0.3666666666666667,0.5,0.8911609498680738,11.98761186292033,10.84814219829971,10.722068979004234,1.8955742314192965,1.8155295325397403,1.3732763465853237,1.8473252234122028,1.3192444068002172,1.8955745453566806,1.81552726012419,1.3732825317234254,-0.4151052135624659,1.8493938329095447,-0.21134675799983632,0.9915038202192968,1.8574187067691994,1.8282916498161534,-1.444350194799969,-1.6643776620603514,-0.25036335907475205,-0.08458132338290045,1.5294541844432505
CUST0077,1,-0.8484848484848485,-1.264367816091954,-0.768,-1.1061728395061727,1.0,-1.0845070422535212,1.251533742331288,0.8994184759727547,-1.0845070422535212,-1.0309949585151355,1.3333333333333333,-0.08,-0.631578947368421,0.0,-1.1824339086738038,0.0,1.0,-0.5,0.0,0.0,1.0,0.0,1.0,0.0,0.0,0.0,0.0,0.0,1.0,0.0,0.0,0.0,1.0,0.0,0.0,0.0,0.0,1.0,0.0,0.0,0.0,0.0,1.0,-1.3463615767869328,-1.5522080675282803,-1.2499924865083252,-1.4837303242293158,1.0487115696049774,-1.4548496663738735,1.2800118543350951,0.6170137666506423,-1.4548496663738733,-1.4308249570268534,1.7607155333873203,-0.13693148338458408,-1.038991519465021,-0.13621395751647544,-1.763476544677071,0.07142857142857151,0.0070052539404553416,0.021534320323014805,0.1333333333333333,0.6666666666666666,0.04366812227074236,0.7274481427882297,0.6586553107605755,0.04366812227074238,0.044974212497098265,1.0,0.4545454545454545,0.16666666666666669,0.5,0.0,9.852246888342531,8.699681400989514,9.196444266784072,-1.9217464953509502,-1.8338834272089923,-1.487998729616711,-1.6362496554222272,-1.492362028150023,-1.921744117307363,-1.8338750825017895,-1.4879911935387449,1.0813268416121362,-1.6343324551118572,1.2476726458172047,0.7614793161872612,-1.626451950498174,-1.8372904507142058,1.7977610014145768,-0.06082211593210132,-1.0149975320892721,-0.08458132338290045,-2.2465569574289743
CUST0078,0,0.18181818181818182,0.09195402298850575,0.032,0.09876543209876543,-0.5,0.1267605633802817,-0.2699386503067483,-0.17527129275585773,0.12676056338028172,-0.011213347500734742,0.0,0.24,0.07017543859649122,0.75,0.032335590998470616,0.0,0.0,0.0,1.0,1.0,0.0,0.0,0.0,1.0,0.0,0.0,1.0,0.0,0.0,0.0,0.0,1.0,0.0,0.0,0.0,0.0,0.0,0.0,1.0,0.0,0.0,1.0,0.0,0.20669333791215877,0.018805565737181913,-0.2508377872490428,0.21853933187484847,-0.5856441232858965,0.12516070531551082,-0.5869906775995691,-0.6064512368300677,0.12516070531551096,-0.2805450473178203,-0.08055561263861369,0.4248387048598636,0.11065331535104654,1.2851490774380505,0.02149347897181522,0.4761904761904763,0.42031523642732055,0.29071332436069985,0.5400000000000003,0.16666666666666666,0.4192139737991266,0.2489146164978293,0.3899828685784224,0.41921397379912667,0.34848958911575595,0.5,0.6363636363636364,0.5,1.0,0.45844327176781,11.264476926102367,9.825580063659602,9.958874954615686,0.14923362786218247,-0.010554172811940096,0.22191426251140237,0.2266225150614741,0.31566768920634386,0.14923349192877924,-0.010554753008889823,0.2219083204533322,-0.4151052135624659,0.22589492736449726,-0.47623872419849594,-0.5578704175444915,0.22297444300710045,-0.12893350066140305,-0.09703822371653739,0.4738972544628893,0.1979325442747191,1.2442680937831454,0.12227904299205433
CUST0079,0,1.3333333333333333,-0.6206896551724138,-0.448,-0.5135802469135803,0.5,-0.6619718309859155,0.4969325153374233,-0.21815682186788476,-0.6619718309859156,-0.23964008771731504,-1.3333333333333333,0.88,0.3508771929824561,-0.5,1.1990386716189645,0.0,1.0,-0.5,2.0,0.0,1.0,1.0,0.0,0.0,0.0,1.0,0.0,0.0,0.0,0.0,0.0,0.0,0.0,0.0,1.0,0.0,0.0,1.0,0.0,0.0,1.0,0.0,0.0,1.9424605955170258,-0.8066422754700949,-0.8503306068046121,-0.6465485261453007,0.5039263386413527,-0.9036832576450186,0.3540388243836286,-0.6552736463765833,-0.9036832576450184,-0.5382028509823603,-1.9218267586645479,1.548379081348759,0.5705112492774735,-1.083789314152826,1.7358351923324362,0.9285714285714286,0.20315236427320493,0.12920592193808883,0.33333333333333326,0.5,0.17467248908296942,0.4901109503135552,0.3792614863004156,0.1746724890829694,0.2805034366515608,0.0,0.9999999999999999,0.6333333333333333,0.16666666666666666,0.8987467018469657,10.757924157061597,9.305741456739435,9.831615540298333,-0.758891845211452,-0.8756593912867774,-0.644243672427728,-0.8664825736251909,1.7163442759735408,-0.7588928145789161,-0.8756647656229922,-0.6442480974929504,0.7057928550957371,-0.8681631886213668,0.555187813751046,-0.6223860286662966,-0.8746277196322061,-0.43034264009367335,-1.8799426831019346,1.4526811111297209,0.6148966267658237,-1.0718895762583827,1.5519514103094532
CUST0080,0,-0.30303030303030304,-0.06896551724137931,-0.1152,0.02962962962962963,0.0,-0.1267605633802817,0.012269938650306702,-0.29845491965873655,-0.12676056338028172,0.11258562611624802,0.6666666666666666,0.56,1.0526315789473684,0.75,-0.6711819969412279,0.0,0.0,0.0,1.0,1.0,0.0,0.0,0.0,0.0,1.0,0.0,1.0,0.0,0.0,0.0,0.0,0.0,0.0,0.0,0.0,1.0,0.0,0.0,1.0,0.0,0.0,1.0,0.0,-0.5241560337109431,-0.16758588227736446,-0.43468225191275073,0.12086812209838002,-0.040858892322271946,-0.20553913992180217,-0.24069182086975255,-0.7466878529242102,-0.20553913992180203,-0.14090390194301616,0.8400799603743534,0.9866088931043112,1.720156084093541,1.2851490774380505,-1.0122481534291585,0.2857142857142858,0.37127845884413313,0.2411843876177658,0.5166666666666668,0.3333333333333333,0.3406113537117904,0.33767486734201635,0.35918696185270266,0.3406113537117904,0.38533560761278024,0.75,0.8181818181818182,0.9666666666666667,1.0,0.1929419525065963,11.170449240431308,9.692828247710418,10.021626080553169,-0.03645109571431964,-0.23538682163699945,0.12439562214276349,-0.09523974315754677,-0.44013055662976075,-0.03645143149585408,-0.23538906238661417,0.12438936041989714,0.23232450656259837,-0.09649880573481008,-0.04133219198452095,-0.7460817942285014,-0.10153761643318877,0.022207684867487476,0.8359598022605282,0.9758902346639434,1.5639772768153177,1.2442680937831454,-0.9581130712053584
