transaction_id,user_id,product_id,amount,payment_type,date,name,age,gender,city,registration_date,category,price,stock
T000001,U0024,P015,67.67,Wallet,2023-02-12,Aarohi Kapoor,20.0,Female,Patna,2023-03-15,Books,2286.25,251.0
T000002,U0196,P044,76.44,UPI,2023-03-24,Kabir Kulkarni,35.0,Other,Patna,2024-08-01,Beauty,1655.45,268.0
T000003,U0196,P049,104.57,Debit Card,2025-08-21,Kabir Kulkarni,35.0,Other,Patna,2024-08-01,Home,1701.17,159.0
T000004,U0133,P042,102.75,Net Banking,2024-07-23,Diya Singh,23.0,Female,Indore,2023-07-06,Home,4406.39,59.0
T000005,U0047,P038,23.89,Net Banking,2025-10-04,Anaya Gupta,28.0,Other,Kolkata,2022-10-13,Home,393.65,58.0
T000006,U0024,P031,31.1,UPI,2025-04-16,Aarohi Kapoor,20.0,Female,Patna,2023-03-15,Grocery,3035.94,111.0
T000007,U0086,P021,74.37,Wallet,2023-08-03,Aarohi Reddy,27.0,Female,Ahmedabad,2022-02-12,Books,3055.12,169.0
T000008,U0042,P022,74.31,Net Banking,2025-10-11,Muhammad Singh,33.0,Female,Kanpur,2023-03-25,Electronics,3207.91,466.0
T000009,U0074,P043,74.37,Net Banking,2023-03-17,Diya Gupta,44.0,Male,Kanpur,2022-10-19,Home,3416.65,309.0
T000010,U0117,P006,154.71,UPI,2024-05-31,Aadhya Joshi,31.0,Female,Kolkata,2022-06-01,Clothing,3250.7,467.0
T000011,U0083,P008,76.9,Net Banking,2023-01-03,Arjun Khan,43.0,Male,Thane,2023-07-19,Books,4406.39,161.0
T000012,U0169,P035,107.91,Net Banking,2025-04-26,Diya Mukherjee,30.0,Other,Vadodara,2022-12-05,Sports,2998.97,82.0
T000013,U0014,P013,96.78,Cash,2025-01-10,Sai Singh,18.0,Male,Kolkata,2024-06-06,Beauty,3354.37,155.0
T000014,U0160,P049,80.71,Net Banking,2025-06-24,Myra Chopra,37.0,Other,Nagpur,2022-12-11,Home,1701.17,159.0
T000015,U0195,P004,45.19,Debit Card,2024-06-30,Ishaan Reddy,33.0,Male,Delhi,2022-06-19,Toys,2600.12,229.0
T000016,U0141,P009,86.09,UPI,2025-06-16,Anaya Nair,33.0,Female,Jaipur,2024-02-10,Clothing,1799.44,163.0
T000017,U0179,P032,34.34,Credit Card,2023-03-01,Kabir Joshi,29.0,Female,Thane,2022-12-15,Books,2913.02,176.0
T000018,U0162,P039,47.37,Debit Card,2023-11-21,Muhammad Mehta,38.0,Female,Lucknow,2022-10-14,Grocery,4167.72,453.0
T000019,U0080,P036,40.8,Credit Card,2025-04-15,Ishaan Amin,18.0,Female,Jaipur,2024-07-16,Sports,1650.69,388.0
T000020,U0024,P015,57.35,Credit Card,2025-08-03,Aarohi Kapoor,20.0,Female,Patna,2023-03-15,Books,2286.25,251.0
T000021,U0031,P042,154.71,Debit Card,2025-10-17,Aarohi Khan,27.0,Other,Lucknow,2022-04-25,Home,4406.39,59.0
T000022,U0184,P019,21.28,Cash,2024-07-13,Kiara Kulkarni,35.0,Other,Ghaziabad,2022-08-20,Home,523.79,441.0
T000023,U0107,P031,82.41,Net Banking,2024-05-14,Kiara Bose,47.0,Other,Pune,2023-09-23,Grocery,3035.94,111.0
T000024,U0117,P036,21.28,Debit Card,2025-02-24,Aadhya Joshi,31.0,Female,Kolkata,2022-06-01,Sports,1650.69,388.0
T000025,U0049,P039,41.13,Cash,2023-10-07,Saanvi Chopra,34.0,Female,Kolkata,2024-03-14,Grocery,4167.72,453.0
T000026,U0018,P018,104.94,Net Banking,2024-11-27,Sai Iyer,34.0,Female,Nagpur,2022-10-04,Electronics,2390.82,158.0
T000027,U0130,P018,56.75,Credit Card,2024-08-02,Anaya Kapoor,27.0,Female,Indore,2022-03-05,Electronics,2390.82,158.0
T000028,U0186,P020,28.6,Cash,2025-09-29,Saanvi Mukherjee,37.0,Female,Patna,2023-09-28,Toys,1595.75,428.0
T000029,U0039,P029,35.55,Cash,2025-09-18,Meera Gupta,21.0,Other,Ahmedabad,2022-05-12,Clothing,393.65,289.0
T000030,U0089,P022,82.09,Cash,2025-02-11,Kiara Kulkarni,27.0,Other,Ahmedabad,2024-08-05,Electronics,3207.91,466.0
T000031,U0117,P021,35.23,Debit Card,2024-05-04,Aadhya Joshi,31.0,Female,Kolkata,2022-06-01,Books,3055.12,169.0
T000032,U0147,P025,62.17,Debit Card,2025-04-21,Ishaan Mehta,22.0,Male,Ghaziabad,2023-09-14,Electronics,1408.97,272.0
T000033,U0012,P021,56.11,Wallet,2025-08-26,Aarohi Singh,28.0,Other,Ghaziabad,2024-06-25,Books,3055.12,169.0
T000034,U0181,P025,36.93,Net Banking,2023-11-08,Aditya Bose,37.0,Female,Bengaluru,2023-08-14,Electronics,1408.97,272.0
T000035,U0127,P003,154.71,Debit Card,2025-10-25,Ishaan Nair,24.0,Female,Vadodara,2022-03-24,Beauty,3027.98,127.0
T000036,U0152,P022,79.87,Credit Card,2025-06-20,Vivaan Mehta,34.0,Other,Indore,2023-11-09,Electronics,3207.91,466.0
T000037,U0026,P034,21.28,Net Banking,2023-02-01,Ira Joshi,32.0,Male,Delhi,2024-05-31,Books,474.01,362.0
T000038,U0185,P010,61.06,Net Banking,2023-11-13,Ira Bose,30.0,Female,Thane,2022-11-01,Sports,1315.44,77.0
T000039,U0020,P031,36.71,UPI,2024-11-24,Vivaan Ghosh,20.0,Male,Lucknow,2023-02-15,Grocery,3035.94,111.0
T000040,U0160,P045,91.05,Net Banking,2023-06-14,Myra Chopra,37.0,Other,Nagpur,2022-12-11,Grocery,992.11,139.0
T000041,U0085,P044,33.94,Cash,2025-02-17,Arjun Kapoor,25.0,Male,Kanpur,2023-08-20,Beauty,1655.45,268.0
T000042,U0082,P041,50.97,Wallet,2025-09-26,Ishaan Verma,34.0,Male,Lucknow,2024-02-29,Home,3218.83,273.0
T000043,U0139,P003,73.92,Cash,2023-05-21,Kiara Reddy,38.0,Female,Pune,2022-02-21,Beauty,3027.98,127.0
T000044,U0061,P041,91.79,Wallet,2024-08-11,Aarohi Joshi,28.0,Male,Chennai,2022-10-31,Home,3218.83,273.0
T000045,U0059,P048,26.57,Credit Card,2025-06-07,Vivaan Iyer,34.0,Female,Mumbai,2023-02-04,Clothing,3666.72,295.0
T000046,U0026,P049,44.67,Wallet,2023-07-25,Ira Joshi,32.0,Male,Delhi,2024-05-31,Home,1701.17,159.0
T000047,U0114,P011,41.06,Wallet,2024-09-05,Sai Singh,51.0,Male,Chennai,2022-05-31,Electronics,1410.29,36.0
T000048,U0008,P003,36.89,UPI,2023-04-25,Ishaan Reddy,38.0,Male,Lucknow,2022-04-15,Beauty,3027.98,127.0
T000049,U0076,P023,154.71,UPI,2025-06-01,Ira Sharma,38.0,Other,Vadodara,2022-11-03,Books,1984.98,450.0
T000050,U0038,P016,69.62,Cash,2025-04-23,Vivaan Ghosh,18.0,Other,Bengaluru,2022-03-29,Books,807.27,58.0
T000051,U0145,P044,25.62,Debit Card,2023-12-15,Aarav Kulkarni,34.0,Male,Kolkata,2022-05-10,Beauty,1655.45,268.0
T000052,U0045,P006,94.7,Cash,2025-02-22,Sai Chopra,20.0,Male,Mumbai,2022-03-14,Clothing,3250.7,467.0
T000053,U0159,P044,154.71,Debit Card,2025-10-16,Aditya Khan,22.0,Female,Kolkata,2024-02-08,Beauty,1655.45,268.0
T000054,U0150,P010,101.44,Debit Card,2025-08-02,Muhammad Gupta,34.0,Other,Kolkata,2022-04-15,Sports,1315.44,77.0
T000055,U0164,P017,21.94,Net Banking,2024-06-06,Muhammad Gupta,25.0,Male,Indore,2023-05-16,Beauty,3697.53,235.0
T000056,U0171,P001,40.83,Net Banking,2024-08-12,Sai Patel,24.0,Other,Chennai,2022-11-20,Grocery,393.65,371.0
T000057,U0174,P035,116.76,Debit Card,2023-06-01,Ira Kulkarni,34.0,Female,Hyderabad,2024-05-02,Sports,2998.97,82.0
T000058,U0114,P023,35.71,Cash,2024-09-04,Sai Singh,51.0,Male,Chennai,2022-05-31,Books,1984.98,450.0
T000059,U0164,P028,71.26,Wallet,2024-05-27,Muhammad Gupta,25.0,Male,Indore,2023-05-16,Home,3602.11,250.0
T000060,U0117,P020,86.9,Debit Card,2025-02-26,Aadhya Joshi,31.0,Female,Kolkata,2022-06-01,Toys,1595.75,428.0
T000061,U0124,P007,31.31,Debit Card,2025-02-20,Ishaan Ghosh,20.0,Other,Jaipur,2024-02-24,Books,2084.59,134.0
T000062,U0147,P023,52.68,Cash,2024-08-28,Ishaan Mehta,22.0,Male,Ghaziabad,2023-09-14,Books,1984.98,450.0
T000063,U0180,P019,21.28,Credit Card,2025-03-21,Reyansh Verma,53.0,Female,Bhopal,2022-04-27,Home,523.79,441.0
T000064,U0071,P001,29.53,Cash,2023-04-11,Kabir Roy,34.0,Female,Bengaluru,2022-01-10,Grocery,393.65,371.0
T000065,U0156,P048,46.92,Net Banking,2024-08-09,Reyansh Amin,26.0,Other,Jaipur,2023-09-23,Clothing,3666.72,295.0
T000066,U0199,P015,25.82,Cash,2024-12-22,Meera Roy,32.0,Male,Ghaziabad,2022-02-10,Books,2286.25,251.0
T000067,U0057,P041,145.39,Debit Card,2024-05-28,Aarav Gupta,25.0,Male,Pune,2023-02-21,Home,3218.83,273.0
T000068,U0174,P049,23.15,Wallet,2023-10-08,Ira Kulkarni,34.0,Female,Hyderabad,2024-05-02,Home,1701.17,159.0
T000069,U0161,P007,41.93,Wallet,2023-03-22,Aarav Joshi,24.0,Female,Pune,2023-05-15,Books,2084.59,134.0
T000070,U0080,P029,59.05,Credit Card,2025-01-17,Ishaan Amin,18.0,Female,Jaipur,2024-07-16,Clothing,393.65,289.0
T000071,U0188,P009,129.64,Credit Card,2024-08-27,Muhammad Das,31.0,Female,Bengaluru,2022-06-10,Clothing,1799.44,163.0
T000072,U0084,P048,23.07,Net Banking,2023-12-26,Kiara Kapoor,27.0,Male,Hyderabad,2022-03-19,Clothing,3666.72,295.0
T000073,U0052,P009,109.72,Cash,2025-01-19,Vivaan Patel,28.0,Male,Nagpur,2024-01-16,Clothing,1799.44,163.0
T000074,U0136,P033,54.93,UPI,2023-12-03,Anaya Bose,44.0,Other,Pune,2024-05-10,Clothing,3874.48,45.0
T000075,U0066,P031,30.3,UPI,2024-11-24,Aditya Ghosh,42.0,Female,Hyderabad,2024-08-22,Grocery,3035.94,111.0
T000076,U0030,P030,72.04,Credit Card,2023-10-16,Aarohi Sharma,29.0,Other,Hyderabad,2023-11-30,Home,685.55,36.0
T000077,U0194,P015,61.52,Wallet,2025-03-24,Vihaan Kapoor,22.0,Male,Ahmedabad,2024-07-19,Books,2286.25,251.0
T000078,U0143,P024,38.09,Credit Card,2025-03-19,Aarohi Verma,19.0,Female,Kolkata,2023-10-28,Home,2509.0,267.0
T000079,U0004,P017,56.93,Cash,2023-09-11,Aarav Gupta,44.0,Male,Kolkata,2023-06-02,Beauty,3697.53,235.0
T000080,U0117,P024,43.33,Wallet,2024-06-20,Aadhya Joshi,31.0,Female,Kolkata,2022-06-01,Home,2509.0,267.0
T000081,U0150,P025,58.45,Wallet,2025-01-30,Muhammad Gupta,34.0,Other,Kolkata,2022-04-15,Electronics,1408.97,272.0
T000082,U0028,P044,81.23,Debit Card,2025-08-23,Kiara Kulkarni,35.0,Male,Nagpur,2023-01-26,Beauty,1655.45,268.0
T000083,U0007,P040,141.4,Cash,2024-11-02,Ishaan Sharma,44.0,Male,Indore,2022-12-15,Grocery,4011.76,36.0
T000084,U0157,P015,25.98,Wallet,2023-05-10,Aarohi Joshi,46.0,Female,Indore,2024-04-25,Books,2286.25,251.0
T000085,U0163,P030,154.71,Wallet,2024-09-10,Sara Khan,41.0,Other,Mumbai,2023-06-14,Home,685.55,36.0
T000086,U0167,P027,21.28,Credit Card,2023-10-14,Sai Bose,38.0,Other,Kolkata,2022-11-10,Toys,2241.45,134.0
T000087,U0012,P003,49.85,UPI,2025-10-05,Aarohi Singh,28.0,Other,Ghaziabad,2024-06-25,Beauty,3027.98,127.0
T000088,U0030,P007,77.71,Debit Card,2023-10-05,Aarohi Sharma,29.0,Other,Hyderabad,2023-11-30,Books,2084.59,134.0
T000089,U0100,P030,64.62,UPI,2025-05-08,Anaya Mukherjee,30.0,Other,Visakhapatnam,2022-04-29,Home,685.55,36.0
T000090,U0151,P048,37.58,Wallet,2023-11-13,Kabir Kulkarni,34.0,Male,Patna,2024-03-12,Clothing,3666.72,295.0
T000091,U0107,P042,48.19,Credit Card,2025-09-29,Kiara Bose,47.0,Other,Pune,2023-09-23,Home,4406.39,59.0
T000092,U0158,P027,40.62,UPI,2023-03-09,Saanvi Khan,35.0,Female,Kolkata,2024-04-30,Toys,2241.45,134.0
T000093,U0177,P024,38.34,Debit Card,2025-06-27,Ishaan Verma,32.0,Male,Vadodara,2022-10-27,Home,2509.0,267.0
T000094,U0114,P016,90.9,UPI,2023-07-23,Sai Singh,51.0,Male,Chennai,2022-05-31,Books,807.27,58.0
T000095,U0176,P024,67.64,Cash,2025-01-04,Kabir Sharma,38.0,Other,Vadodara,2022-05-10,Home,2509.0,267.0
T000096,U0016,P026,36.03,UPI,2024-01-24,Diya Iyer,27.0,Female,Kanpur,2022-08-03,Beauty,3490.97,332.0
T000097,U0032,P030,93.67,Credit Card,2024-03-10,Kabir Mukherjee,46.0,Male,Thane,2022-01-04,Home,685.55,36.0
T000098,U0165,P041,65.65,Cash,2023-02-13,Aarohi Ghosh,39.0,Other,Bhopal,2023-10-24,Home,3218.83,273.0
T000099,U0013,P022,88.92,Debit Card,2023-09-15,Diya Chopra,33.0,Male,Bengaluru,2022-02-16,Electronics,3207.91,466.0
T000100,U0145,P014,79.66,Credit Card,2024-02-29,Aarav Kulkarni,34.0,Male,Kolkata,2022-05-10,Beauty,3844.95,467.0
T000101,U0151,P014,33.2,Debit Card,2024-11-03,Kabir Kulkarni,34.0,Male,Patna,2024-03-12,Beauty,3844.95,467.0
T000102,U0199,P010,39.01,Cash,2023-01-06,Meera Roy,32.0,Male,Ghaziabad,2022-02-10,Sports,1315.44,77.0
T000103,U0071,P010,85.49,Debit Card,2024-05-28,Kabir Roy,34.0,Female,Bengaluru,2022-01-10,Sports,1315.44,77.0
T000104,U0045,P008,78.75,Wallet,2023-02-22,Sai Chopra,20.0,Male,Mumbai,2022-03-14,Books,4406.39,161.0
T000105,U0034,P001,53.92,UPI,2024-05-02,Vihaan Singh,23.0,Other,Visakhapatnam,2023-09-16,Grocery,393.65,371.0
T000106,U0151,P021,58.58,Credit Card,2023-12-23,Kabir Kulkarni,34.0,Male,Patna,2024-03-12,Books,3055.12,169.0
T000107,U0068,P004,117.52,Debit Card,2025-05-12,Sara Gupta,40.0,Female,Patna,2023-08-02,Toys,2600.12,229.0
T000108,U0135,P008,38.28,Wallet,2023-05-11,Ishaan Mukherjee,24.0,Female,Mumbai,2023-02-03,Books,4406.39,161.0
T000109,U0122,P029,75.81,UPI,2023-08-12,Myra Kulkarni,24.0,Other,Visakhapatnam,2023-03-13,Clothing,393.65,289.0
T000110,U0116,P033,48.36,Debit Card,2023-03-30,Aditya Roy,34.0,Female,Patna,2022-07-19,Clothing,3874.48,45.0
T000111,U0187,P043,47.91,Cash,2024-09-09,Vivaan Kulkarni,35.0,Other,Hyderabad,2024-08-28,Home,3416.65,309.0
T000112,U0118,P042,105.56,Credit Card,2023-05-05,Aarav Patel,22.0,Female,Kolkata,2022-06-30,Home,4406.39,59.0
T000113,U0123,P026,89.59,Net Banking,2023-08-10,Aarohi Roy,43.0,Male,Bhopal,2023-04-06,Beauty,3490.97,332.0
T000114,U0126,P046,88.95,Net Banking,2023-05-31,Myra Gupta,49.0,Other,Surat,2022-08-29,Toys,4406.39,267.0
T000115,U0021,P021,119.5,Cash,2023-10-31,Ishaan Gupta,43.0,Male,Patna,2024-06-16,Books,3055.12,169.0
T000116,U0017,P009,55.29,UPI,2024-10-27,Ishaan Gupta,23.0,Other,Pune,2023-07-01,Clothing,1799.44,163.0
T000117,U0098,P039,82.2,Cash,2024-08-26,Ishaan Iyer,34.0,Other,Jaipur,2022-02-09,Grocery,4167.72,453.0
T000118,U0117,P033,45.32,Cash,2025-05-31,Aadhya Joshi,31.0,Female,Kolkata,2022-06-01,Clothing,3874.48,45.0
T000119,U0026,P045,66.32,Credit Card,2024-03-16,Ira Joshi,32.0,Male,Delhi,2024-05-31,Grocery,992.11,139.0
T000120,U0111,P029,50.5,Debit Card,2025-04-27,Myra Roy,18.0,Other,Chennai,2023-06-08,Clothing,393.65,289.0
T000121,U0087,P030,57.87,Net Banking,2025-05-01,Kabir Mehta,39.0,Male,Kanpur,2022-08-04,Home,685.55,36.0
T000122,U0187,P007,78.03,UPI,2025-05-24,Vivaan Kulkarni,35.0,Other,Hyderabad,2024-08-28,Books,2084.59,134.0
T000123,U0081,P043,33.42,UPI,2025-02-05,Vivaan Gupta,30.0,Other,Indore,2024-04-29,Home,3416.65,309.0
T000124,U0040,P044,154.71,Net Banking,2023-05-18,Meera Kapoor,33.0,Male,Jaipur,2023-06-25,Beauty,1655.45,268.0
T000125,U0024,P006,29.86,Credit Card,2025-06-03,Aarohi Kapoor,20.0,Female,Patna,2023-03-15,Clothing,3250.7,467.0
T000126,U0025,P048,26.35,Wallet,2025-02-02,Saanvi Bose,27.0,Female,Kolkata,2022-05-22,Clothing,3666.72,295.0
T000127,U0034,P036,109.38,Credit Card,2024-11-06,Vihaan Singh,23.0,Other,Visakhapatnam,2023-09-16,Sports,1650.69,388.0
T000128,U0172,P008,87.79,Net Banking,2024-12-25,Vihaan Kapoor,25.0,Other,Pune,2022-07-16,Books,4406.39,161.0
T000129,U0171,P049,79.4,Net Banking,2023-04-16,Sai Patel,24.0,Other,Chennai,2022-11-20,Home,1701.17,159.0
T000130,U0074,P039,79.6,UPI,2024-12-21,Diya Gupta,44.0,Male,Kanpur,2022-10-19,Grocery,4167.72,453.0
T000131,U0027,P037,54.2,Cash,2024-03-11,Vihaan Reddy,22.0,Other,Pune,2024-03-22,Clothing,1750.62,467.0
T000132,U0040,P043,31.87,Net Banking,2024-04-04,Meera Kapoor,33.0,Male,Jaipur,2023-06-25,Home,3416.65,309.0
T000133,U0028,P023,57.14,Cash,2025-01-22,Kiara Kulkarni,35.0,Male,Nagpur,2023-01-26,Books,1984.98,450.0
T000134,U0030,P049,36.37,UPI,2024-04-08,Aarohi Sharma,29.0,Other,Hyderabad,2023-11-30,Home,1701.17,159.0
T000135,U0110,P036,98.01,Cash,2023-02-23,Saanvi Kulkarni,31.0,Other,Lucknow,2023-04-22,Sports,1650.69,388.0
T000136,U0156,P043,49.99,Wallet,2024-07-01,Reyansh Amin,26.0,Other,Jaipur,2023-09-23,Home,3416.65,309.0
T000137,U0008,P012,33.27,UPI,2024-09-24,Ishaan Reddy,38.0,Male,Lucknow,2022-04-15,Sports,4263.31,176.0
T000138,U0087,P023,45.02,Credit Card,2024-01-07,Kabir Mehta,39.0,Male,Kanpur,2022-08-04,Books,1984.98,450.0
T000139,U0037,P037,69.95,Wallet,2025-03-31,Aarav Patel,33.0,Female,Surat,2022-09-03,Clothing,1750.62,467.0
T000140,U0018,P010,38.93,Wallet,2023-03-04,Sai Iyer,34.0,Female,Nagpur,2022-10-04,Sports,1315.44,77.0
T000141,U0024,P048,33.34,Cash,2024-03-16,Aarohi Kapoor,20.0,Female,Patna,2023-03-15,Clothing,3666.72,295.0
T000142,U0097,P027,63.19,Net Banking,2024-11-29,Aarohi Nair,34.0,Male,Hyderabad,2024-06-17,Toys,2241.45,134.0
T000143,U0041,P024,63.24,UPI,2024-10-26,Sara Mukherjee,37.0,Male,Vadodara,2024-02-13,Home,2509.0,267.0
T000144,U0199,P037,40.28,Cash,2023-06-23,Meera Roy,32.0,Male,Ghaziabad,2022-02-10,Clothing,1750.62,467.0
T000145,U0014,P010,41.16,Debit Card,2023-04-12,Sai Singh,18.0,Male,Kolkata,2024-06-06,Sports,1315.44,77.0
T000146,U0173,P006,62.75,UPI,2025-06-26,Muhammad Joshi,31.0,Female,Patna,2024-09-27,Clothing,3250.7,467.0
T000147,U0170,P028,22.9,Net Banking,2025-06-24,Diya Roy,25.0,Female,Surat,2022-09-15,Home,3602.11,250.0
T000148,U0107,P018,23.47,Debit Card,2023-08-22,Kiara Bose,47.0,Other,Pune,2023-09-23,Electronics,2390.82,158.0
T000149,U0089,P028,35.48,Credit Card,2024-08-03,Kiara Kulkarni,27.0,Other,Ahmedabad,2024-08-05,Home,3602.11,250.0
T000150,U0174,P044,48.04,Cash,2025-09-23,Ira Kulkarni,34.0,Female,Hyderabad,2024-05-02,Beauty,1655.45,268.0
T000151,U0135,P043,65.8,UPI,2023-04-04,Ishaan Mukherjee,24.0,Female,Mumbai,2023-02-03,Home,3416.65,309.0
T000152,U0057,P026,132.32,Cash,2023-04-23,Aarav Gupta,25.0,Male,Pune,2023-02-21,Beauty,3490.97,332.0
T000153,U0002,P014,91.34,UPI,2024-03-08,Sai Reddy,30.0,Other,Hyderabad,2023-11-24,Beauty,3844.95,467.0
T000154,U0197,P009,49.6,UPI,2024-08-15,Kabir Roy,24.0,Male,Thane,2023-12-07,Clothing,1799.44,163.0
T000155,U0084,P008,53.98,Credit Card,2025-10-15,Kiara Kapoor,27.0,Male,Hyderabad,2022-03-19,Books,4406.39,161.0
T000156,U0192,P028,29.92,Debit Card,2023-09-22,Kabir Roy,38.0,Male,Kolkata,2024-08-04,Home,3602.11,250.0
T000157,U0098,P035,54.0,Wallet,2024-04-16,Ishaan Iyer,34.0,Other,Jaipur,2022-02-09,Sports,2998.97,82.0
T000158,U0129,P036,45.92,Wallet,2024-12-26,Arjun Das,32.0,Male,Indore,2023-02-22,Sports,1650.69,388.0
T000159,U0019,P026,66.26,Wallet,2023-03-28,Aarohi Ghosh,24.0,Other,Lucknow,2024-05-13,Beauty,3490.97,332.0
T000160,U0112,P002,33.24,Net Banking,2023-06-09,Meera Iyer,31.0,Other,Bengaluru,2022-10-18,Grocery,605.91,150.0
T000161,U0081,P037,74.56,Net Banking,2025-04-08,Vivaan Gupta,30.0,Other,Indore,2024-04-29,Clothing,1750.62,467.0
T000162,U0182,P041,136.95,Net Banking,2024-08-15,Vivaan Reddy,25.0,Male,Patna,2024-08-29,Home,3218.83,273.0
T000163,U0030,P026,51.15,Credit Card,2024-10-27,Aarohi Sharma,29.0,Other,Hyderabad,2023-11-30,Beauty,3490.97,332.0
T000164,U0044,P040,69.48,Net Banking,2025-01-11,Aditya Nair,29.0,Male,Patna,2023-07-22,Grocery,4011.76,36.0
T000165,U0023,P028,82.61,Credit Card,2024-05-13,Myra Reddy,32.0,Female,Ahmedabad,2022-09-10,Home,3602.11,250.0
T000166,U0112,P038,42.92,Net Banking,2023-06-11,Meera Iyer,31.0,Other,Bengaluru,2022-10-18,Home,393.65,58.0
T000167,U0102,P020,62.46,Wallet,2024-11-26,Kiara Sharma,28.0,Other,Vadodara,2023-12-05,Toys,1595.75,428.0
T000168,U0057,P022,55.01,Debit Card,2023-06-06,Aarav Gupta,25.0,Male,Pune,2023-02-21,Electronics,3207.91,466.0
T000169,U0131,P041,57.89,Credit Card,2024-02-02,Muhammad Mukherjee,19.0,Female,Patna,2024-08-26,Home,3218.83,273.0
T000170,U0199,P023,34.34,UPI,2023-10-30,Meera Roy,32.0,Male,Ghaziabad,2022-02-10,Books,1984.98,450.0
T000171,U0061,P007,55.41,Debit Card,2024-06-08,Aarohi Joshi,28.0,Male,Chennai,2022-10-31,Books,2084.59,134.0
T000172,U0051,P012,73.61,Cash,2023-11-10,Kiara Mehta,34.0,Female,Indore,2023-04-24,Sports,4263.31,176.0
T000173,U0195,P049,130.41,Wallet,2023-06-04,Ishaan Reddy,33.0,Male,Delhi,2022-06-19,Home,1701.17,159.0
T000174,U0046,P050,97.08,Wallet,2025-10-08,Vivaan Ghosh,26.0,Male,Delhi,2024-05-30,Toys,2833.37,45.0
T000175,U0119,P049,154.71,Cash,2025-07-08,Ira Roy,41.0,Male,Vadodara,2022-09-13,Home,1701.17,159.0
T000176,U0175,P037,34.45,Wallet,2024-10-23,Muhammad Singh,34.0,Male,Kanpur,2022-07-03,Clothing,1750.62,467.0
T000177,U0161,P021,92.15,Debit Card,2025-06-19,Aarav Joshi,24.0,Female,Pune,2023-05-15,Books,3055.12,169.0
T000178,U0018,P031,60.95,Net Banking,2024-09-12,Sai Iyer,34.0,Female,Nagpur,2022-10-04,Grocery,3035.94,111.0
T000179,U0071,P038,154.71,Credit Card,2024-12-21,Kabir Roy,34.0,Female,Bengaluru,2022-01-10,Home,393.65,58.0
T000180,U0130,P005,33.62,UPI,2025-08-03,Anaya Kapoor,27.0,Female,Indore,2022-03-05,Books,1178.99,36.0
T000181,U0116,P003,32.99,Credit Card,2025-01-25,Aditya Roy,34.0,Female,Patna,2022-07-19,Beauty,3027.98,127.0
T000182,U0074,P005,38.11,Wallet,2023-07-04,Diya Gupta,44.0,Male,Kanpur,2022-10-19,Books,1178.99,36.0
T000183,U0158,P039,21.28,Cash,2025-02-26,Saanvi Khan,35.0,Female,Kolkata,2024-04-30,Grocery,4167.72,453.0
T000184,U0119,P038,39.83,Cash,2023-03-26,Ira Roy,41.0,Male,Vadodara,2022-09-13,Home,393.65,58.0
T000185,U0116,P037,34.62,Wallet,2024-01-21,Aditya Roy,34.0,Female,Patna,2022-07-19,Clothing,1750.62,467.0
T000186,U0083,P039,59.75,Net Banking,2025-10-23,Arjun Khan,43.0,Male,Thane,2023-07-19,Grocery,4167.72,453.0
T000187,U0039,P004,67.02,Net Banking,2023-07-31,Meera Gupta,21.0,Other,Ahmedabad,2022-05-12,Toys,2600.12,229.0
T000188,U0088,P046,154.71,Credit Card,2025-10-30,Sai Patel,34.0,Female,Vadodara,2024-06-24,Toys,4406.39,267.0
T000189,U0166,P012,96.57,Credit Card,2024-05-22,Meera Roy,35.0,Male,Bengaluru,2022-10-29,Sports,4263.31,176.0
T000190,U0182,P029,38.62,Net Banking,2023-11-22,Vivaan Reddy,25.0,Male,Patna,2024-08-29,Clothing,393.65,289.0
T000191,U0094,P024,31.85,UPI,2025-03-04,Kabir Ghosh,29.0,Male,Mumbai,2023-11-07,Home,2509.0,267.0
T000192,U0105,P050,73.34,UPI,2023-04-18,Kabir Amin,30.0,Female,Indore,2022-12-01,Toys,2833.37,45.0
T000193,U0162,P042,24.73,UPI,2023-05-15,Muhammad Mehta,38.0,Female,Lucknow,2022-10-14,Home,4406.39,59.0
T000194,U0085,P007,154.71,Cash,2025-03-02,Arjun Kapoor,25.0,Male,Kanpur,2023-08-20,Books,2084.59,134.0
T000195,U0073,P017,110.79,Wallet,2023-11-04,Aarohi Das,31.0,Other,Jaipur,2022-05-16,Beauty,3697.53,235.0
T000196,U0086,P006,41.2,Cash,2023-10-17,Aarohi Reddy,27.0,Female,Ahmedabad,2022-02-12,Clothing,3250.7,467.0
T000197,U0090,P020,21.28,Wallet,2025-03-13,Sai Iyer,36.0,Male,Indore,2022-01-26,Toys,1595.75,428.0
T000198,U0034,P039,123.02,Wallet,2023-06-23,Vihaan Singh,23.0,Other,Visakhapatnam,2023-09-16,Grocery,4167.72,453.0
T000199,U0080,P036,50.97,Net Banking,2024-11-03,Ishaan Amin,18.0,Female,Jaipur,2024-07-16,Sports,1650.69,388.0
T000200,U0033,P043,114.74,Wallet,2023-07-11,Ishaan Amin,31.0,Male,Visakhapatnam,2024-07-23,Home,3416.65,309.0
T000201,U0166,P043,21.28,Net Banking,2025-01-11,Meera Roy,35.0,Male,Bengaluru,2022-10-29,Home,3416.65,309.0
T000202,U0005,P024,38.11,UPI,2024-01-05,Sara Sharma,30.0,Other,Chennai,2024-01-04,Home,2509.0,267.0
T000203,U0055,P022,54.77,Net Banking,2024-01-29,Ishaan Roy,40.0,Male,Bengaluru,2023-03-30,Electronics,3207.91,466.0
T000204,U0058,P009,56.16,Debit Card,2023-06-08,Meera Joshi,29.0,Male,Nagpur,2024-07-13,Clothing,1799.44,163.0
T000205,U0076,P007,41.68,Cash,2023-03-19,Ira Sharma,38.0,Other,Vadodara,2022-11-03,Books,2084.59,134.0
T000206,U0170,P022,79.34,Cash,2023-09-26,Diya Roy,25.0,Female,Surat,2022-09-15,Electronics,3207.91,466.0
T000207,U0153,P025,28.77,Debit Card,2023-11-29,Diya Gupta,26.0,Other,Lucknow,2022-01-13,Electronics,1408.97,272.0
T000208,U0047,P045,50.13,Cash,2023-12-06,Anaya Gupta,28.0,Other,Kolkata,2022-10-13,Grocery,992.11,139.0
T000209,U0185,P029,58.68,Credit Card,2025-04-21,Ira Bose,30.0,Female,Thane,2022-11-01,Clothing,393.65,289.0
T000210,U0094,P044,74.34,Wallet,2024-05-01,Kabir Ghosh,29.0,Male,Mumbai,2023-11-07,Beauty,1655.45,268.0
T000211,U0114,P040,83.68,UPI,2025-07-08,Sai Singh,51.0,Male,Chennai,2022-05-31,Grocery,4011.76,36.0
T000212,U0060,P035,27.8,Debit Card,2024-09-25,Ishaan Roy,39.0,Female,Indore,2023-12-15,Sports,2998.97,82.0
T000213,U0121,P013,21.75,UPI,2025-06-21,Ira Kapoor,38.0,Other,Lucknow,2024-08-30,Beauty,3354.37,155.0
T000214,U0119,P050,117.52,UPI,2025-02-21,Ira Roy,41.0,Male,Vadodara,2022-09-13,Toys,2833.37,45.0
T000215,U0129,P034,66.65,Net Banking,2023-11-28,Arjun Das,32.0,Male,Indore,2023-02-22,Books,474.01,362.0
T000216,U0052,P039,34.84,Debit Card,2024-05-27,Vivaan Patel,28.0,Male,Nagpur,2024-01-16,Grocery,4167.72,453.0
T000217,U0014,P042,138.48,Net Banking,2025-01-30,Sai Singh,18.0,Male,Kolkata,2024-06-06,Home,4406.39,59.0
T000218,U0142,P007,58.52,Wallet,2023-09-13,Kiara Khan,42.0,Male,Bhopal,2022-01-20,Books,2084.59,134.0
T000219,U0073,P006,110.78,Debit Card,2024-07-12,Aarohi Das,31.0,Other,Jaipur,2022-05-16,Clothing,3250.7,467.0
T000220,U0116,P033,56.86,Debit Card,2025-06-14,Aditya Roy,34.0,Female,Patna,2022-07-19,Clothing,3874.48,45.0
T000221,U0024,P015,154.71,Net Banking,2024-12-16,Aarohi Kapoor,20.0,Female,Patna,2023-03-15,Books,2286.25,251.0
T000222,U0007,P027,154.71,Credit Card,2025-03-22,Ishaan Sharma,44.0,Male,Indore,2022-12-15,Toys,2241.45,134.0
T000223,U0129,P024,47.02,Debit Card,2025-03-01,Arjun Das,32.0,Male,Indore,2023-02-22,Home,2509.0,267.0
T000224,U0021,P024,97.8,Debit Card,2023-02-27,Ishaan Gupta,43.0,Male,Patna,2024-06-16,Home,2509.0,267.0
T000225,U0082,P007,80.42,Wallet,2024-11-17,Ishaan Verma,34.0,Male,Lucknow,2024-02-29,Books,2084.59,134.0
T000226,U0038,P009,124.11,Credit Card,2024-08-10,Vivaan Ghosh,18.0,Other,Bengaluru,2022-03-29,Clothing,1799.44,163.0
T000227,U0121,P045,30.6,Debit Card,2025-08-18,Ira Kapoor,38.0,Other,Lucknow,2024-08-30,Grocery,992.11,139.0
T000228,U0115,P040,82.4,Credit Card,2023-06-12,Aarav Verma,30.0,Male,Bhopal,2023-09-18,Grocery,4011.76,36.0
T000229,U0005,P017,103.03,Debit Card,2023-11-03,Sara Sharma,30.0,Other,Chennai,2024-01-04,Beauty,3697.53,235.0
T000230,U0141,P047,21.28,Cash,2025-05-16,Anaya Nair,33.0,Female,Jaipur,2024-02-10,Electronics,1846.57,300.0
T000231,U0029,P050,26.84,UPI,2024-05-01,Sara Roy,27.0,Other,Jaipur,2024-09-21,Toys,2833.37,45.0
T000232,U0078,P008,21.28,Credit Card,2024-05-03,Vihaan Kapoor,29.0,Male,Jaipur,2022-10-16,Books,4406.39,161.0
T000233,U0108,P041,46.45,Cash,2025-07-25,Saanvi Singh,33.0,Female,Vadodara,2024-05-03,Home,3218.83,273.0
T000234,U0017,P008,83.98,Net Banking,2023-02-03,Ishaan Gupta,23.0,Other,Pune,2023-07-01,Books,4406.39,161.0
T000235,U0162,P033,134.48,Cash,2024-05-10,Muhammad Mehta,38.0,Female,Lucknow,2022-10-14,Clothing,3874.48,45.0
T000236,U0184,P010,57.08,UPI,2025-05-29,Kiara Kulkarni,35.0,Other,Ghaziabad,2022-08-20,Sports,1315.44,77.0
T000237,U0001,P040,145.06,UPI,2024-05-07,Vihaan Sharma,35.0,Other,Jaipur,2022-09-08,Grocery,4011.76,36.0
T000238,U0147,P027,23.85,Debit Card,2023-06-25,Ishaan Mehta,22.0,Male,Ghaziabad,2023-09-14,Toys,2241.45,134.0
T000239,U0135,P024,21.28,Credit Card,2023-02-11,Ishaan Mukherjee,24.0,Female,Mumbai,2023-02-03,Home,2509.0,267.0
T000240,U0100,P031,52.81,Credit Card,2025-03-03,Anaya Mukherjee,30.0,Other,Visakhapatnam,2022-04-29,Grocery,3035.94,111.0
T000241,U0096,P017,68.75,Wallet,2023-02-03,Aditya Khan,20.0,Female,Visakhapatnam,2023-02-14,Beauty,3697.53,235.0
T000242,U0092,P005,53.54,UPI,2024-05-08,Reyansh Patel,39.0,Female,Delhi,2024-05-29,Books,1178.99,36.0
T000243,U0188,P043,21.28,Wallet,2023-08-01,Muhammad Das,31.0,Female,Bengaluru,2022-06-10,Home,3416.65,309.0
T000244,U0198,P038,51.76,Wallet,2024-11-11,Kabir Bose,33.0,Female,Visakhapatnam,2023-07-07,Home,393.65,58.0
T000245,U0035,P003,24.96,UPI,2024-11-24,Muhammad Reddy,38.0,Female,Pune,2023-07-07,Beauty,3027.98,127.0
T000246,U0165,P012,81.6,Wallet,2025-08-09,Aarohi Ghosh,39.0,Other,Bhopal,2023-10-24,Sports,4263.31,176.0
T000247,U0179,P031,68.03,Wallet,2024-01-09,Kabir Joshi,29.0,Female,Thane,2022-12-15,Grocery,3035.94,111.0
T000248,U0035,P005,31.06,Wallet,2025-07-26,Muhammad Reddy,38.0,Female,Pune,2023-07-07,Books,1178.99,36.0
T000249,U0010,P019,40.11,Debit Card,2023-03-31,Diya Kulkarni,36.0,Female,Delhi,2024-01-18,Home,523.79,441.0
T000250,U0052,P003,28.92,UPI,2024-09-27,Vivaan Patel,28.0,Male,Nagpur,2024-01-16,Beauty,3027.98,127.0
T000251,U0132,P026,52.58,Cash,2025-08-27,Aarav Chopra,32.0,Female,Bhopal,2022-01-07,Beauty,3490.97,332.0
T000252,U0065,P003,96.84,Wallet,2024-01-27,Ira Gupta,38.0,Male,Bengaluru,2023-09-02,Beauty,3027.98,127.0
T000253,U0074,P023,30.22,Credit Card,2024-11-10,Diya Gupta,44.0,Male,Kanpur,2022-10-19,Books,1984.98,450.0
T000254,U0070,P008,73.88,UPI,2025-06-13,Anaya Ghosh,26.0,Female,Nagpur,2022-05-15,Books,4406.39,161.0
T000255,U0103,P048,39.72,Net Banking,2025-03-02,Muhammad Mehta,29.0,Female,Bengaluru,2024-08-29,Clothing,3666.72,295.0
T000256,U0087,P012,33.93,Net Banking,2025-10-15,Kabir Mehta,39.0,Male,Kanpur,2022-08-04,Sports,4263.31,176.0
T000257,U0095,P034,51.2,UPI,2023-06-19,Muhammad Bose,28.0,Female,Jaipur,2024-06-04,Books,474.01,362.0
T000258,U0187,P028,29.34,Credit Card,2025-05-31,Vivaan Kulkarni,35.0,Other,Hyderabad,2024-08-28,Home,3602.11,250.0
T000259,U0155,P012,39.17,Cash,2024-08-24,Diya Roy,34.0,Other,Ahmedabad,2023-03-22,Sports,4263.31,176.0
T000260,U0083,P007,26.61,Credit Card,2024-11-02,Arjun Khan,43.0,Male,Thane,2023-07-19,Books,2084.59,134.0
T000261,U0170,P019,154.71,UPI,2025-07-02,Diya Roy,25.0,Female,Surat,2022-09-15,Home,523.79,441.0
T000262,U0155,P046,55.77,Net Banking,2023-12-08,Diya Roy,34.0,Other,Ahmedabad,2023-03-22,Toys,4406.39,267.0
T000263,U0177,P029,35.88,UPI,2025-07-04,Ishaan Verma,32.0,Male,Vadodara,2022-10-27,Clothing,393.65,289.0
T000264,U0011,P047,62.08,UPI,2025-06-09,Myra Kapoor,28.0,Male,Nagpur,2022-03-22,Electronics,1846.57,300.0
T000265,U0071,P041,51.04,Credit Card,2023-06-03,Kabir Roy,34.0,Female,Bengaluru,2022-01-10,Home,3218.83,273.0
T000266,U0172,P041,47.82,Net Banking,2025-01-14,Vihaan Kapoor,25.0,Other,Pune,2022-07-16,Home,3218.83,273.0
T000267,U0132,P048,78.93,Wallet,2023-11-24,Aarav Chopra,32.0,Female,Bhopal,2022-01-07,Clothing,3666.72,295.0
T000268,U0008,P010,86.01,Cash,2025-06-16,Ishaan Reddy,38.0,Male,Lucknow,2022-04-15,Sports,1315.44,77.0
T000269,U0009,P009,39.71,Credit Card,2024-04-28,Aditya Bose,28.0,Male,Kanpur,2024-05-17,Clothing,1799.44,163.0
T000270,U0200,P042,38.65,UPI,2025-01-11,Kiara Nair,22.0,Other,Jaipur,2022-01-27,Home,4406.39,59.0
T000271,U0099,P037,46.29,Credit Card,2023-11-11,Vihaan Kulkarni,32.0,Female,Kanpur,2024-01-17,Clothing,1750.62,467.0
T000272,U0174,P029,21.28,UPI,2025-01-31,Ira Kulkarni,34.0,Female,Hyderabad,2024-05-02,Clothing,393.65,289.0
T000273,U0114,P049,22.0,Credit Card,2023-10-09,Sai Singh,51.0,Male,Chennai,2022-05-31,Home,1701.17,159.0
T000274,U0136,P024,123.98,Net Banking,2024-10-05,Anaya Bose,44.0,Other,Pune,2024-05-10,Home,2509.0,267.0
T000275,U0167,P018,146.49,Debit Card,2023-08-21,Sai Bose,38.0,Other,Kolkata,2022-11-10,Electronics,2390.82,158.0
T000276,U0007,P048,47.02,Debit Card,2025-10-19,Ishaan Sharma,44.0,Male,Indore,2022-12-15,Clothing,3666.72,295.0
T000277,U0133,P025,77.16,Cash,2023-08-30,Diya Singh,23.0,Female,Indore,2023-07-06,Electronics,1408.97,272.0
T000278,U0068,P050,65.81,UPI,2025-07-02,Sara Gupta,40.0,Female,Patna,2023-08-02,Toys,2833.37,45.0
T000279,U0055,P040,154.71,UPI,2025-10-02,Ishaan Roy,40.0,Male,Bengaluru,2023-03-30,Grocery,4011.76,36.0
T000280,U0052,P008,106.88,Debit Card,2023-06-01,Vivaan Patel,28.0,Male,Nagpur,2024-01-16,Books,4406.39,161.0
T000281,U0116,P012,50.56,Wallet,2025-06-30,Aditya Roy,34.0,Female,Patna,2022-07-19,Sports,4263.31,176.0
T000282,U0023,P044,30.77,UPI,2024-12-12,Myra Reddy,32.0,Female,Ahmedabad,2022-09-10,Beauty,1655.45,268.0
T000283,U0182,P005,21.28,Cash,2024-08-17,Vivaan Reddy,25.0,Male,Patna,2024-08-29,Books,1178.99,36.0
T000284,U0077,P011,61.69,Wallet,2023-12-23,Vihaan Reddy,32.0,Female,Hyderabad,2024-06-30,Electronics,1410.29,36.0
T000285,U0093,P033,34.68,Debit Card,2023-09-06,Meera Ghosh,26.0,Male,Thane,2022-12-25,Clothing,3874.48,45.0
T000286,U0052,P009,23.26,Debit Card,2025-10-08,Vivaan Patel,28.0,Male,Nagpur,2024-01-16,Clothing,1799.44,163.0
T000287,U0007,P024,37.04,Cash,2025-01-25,Ishaan Sharma,44.0,Male,Indore,2022-12-15,Home,2509.0,267.0
T000288,U0120,P036,28.53,Debit Card,2023-06-26,Vihaan Roy,38.0,Male,Thane,2023-11-15,Sports,1650.69,388.0
T000289,U0017,P020,150.25,Net Banking,2025-09-07,Ishaan Gupta,23.0,Other,Pune,2023-07-01,Toys,1595.75,428.0
T000290,U0135,P027,92.66,Net Banking,2023-06-01,Ishaan Mukherjee,24.0,Female,Mumbai,2023-02-03,Toys,2241.45,134.0
T000291,U0033,P021,54.34,Wallet,2023-06-01,Ishaan Amin,31.0,Male,Visakhapatnam,2024-07-23,Books,3055.12,169.0
T000292,U0116,P030,132.68,Wallet,2024-12-06,Aditya Roy,34.0,Female,Patna,2022-07-19,Home,685.55,36.0
T000293,U0033,P050,57.19,Cash,2024-01-08,Ishaan Amin,31.0,Male,Visakhapatnam,2024-07-23,Toys,2833.37,45.0
T000294,U0197,P009,32.56,Net Banking,2025-10-26,Kabir Roy,24.0,Male,Thane,2023-12-07,Clothing,1799.44,163.0
T000295,U0015,P008,136.17,Cash,2023-11-10,Vihaan Bose,18.0,Female,Thane,2023-10-13,Books,4406.39,161.0
T000296,U0078,P011,75.44,Debit Card,2024-10-22,Vihaan Kapoor,29.0,Male,Jaipur,2022-10-16,Electronics,1410.29,36.0
T000297,U0182,P015,29.3,UPI,2024-08-04,Vivaan Reddy,25.0,Male,Patna,2024-08-29,Books,2286.25,251.0
T000298,U0021,P017,48.71,Debit Card,2024-07-16,Ishaan Gupta,43.0,Male,Patna,2024-06-16,Beauty,3697.53,235.0
T000299,U0033,P041,32.29,UPI,2023-07-11,Ishaan Amin,31.0,Male,Visakhapatnam,2024-07-23,Home,3218.83,273.0
T000300,U0129,P042,23.82,Debit Card,2023-11-12,Arjun Das,32.0,Male,Indore,2023-02-22,Home,4406.39,59.0
T000301,U0044,P043,95.17,Cash,2024-11-22,Aditya Nair,29.0,Male,Patna,2023-07-22,Home,3416.65,309.0
T000302,U0145,P003,154.71,Credit Card,2023-06-16,Aarav Kulkarni,34.0,Male,Kolkata,2022-05-10,Beauty,3027.98,127.0
T000303,U0012,P042,23.59,Cash,2024-06-26,Aarohi Singh,28.0,Other,Ghaziabad,2024-06-25,Home,4406.39,59.0
T000304,U0167,P014,76.54,Cash,2025-05-03,Sai Bose,38.0,Other,Kolkata,2022-11-10,Beauty,3844.95,467.0
T000305,U0159,P041,36.95,Credit Card,2025-10-16,Aditya Khan,22.0,Female,Kolkata,2024-02-08,Home,3218.83,273.0
T000306,U0161,P035,40.76,UPI,2024-09-10,Aarav Joshi,24.0,Female,Pune,2023-05-15,Sports,2998.97,82.0
T000307,U0124,P016,38.27,Wallet,2025-04-11,Ishaan Ghosh,20.0,Other,Jaipur,2024-02-24,Books,807.27,58.0
T000308,U0077,P030,32.51,Credit Card,2023-05-03,Vihaan Reddy,32.0,Female,Hyderabad,2024-06-30,Home,685.55,36.0
T000309,U0041,P029,56.21,Net Banking,2025-09-18,Sara Mukherjee,37.0,Male,Vadodara,2024-02-13,Clothing,393.65,289.0
T000310,U0119,P014,33.16,UPI,2023-10-22,Ira Roy,41.0,Male,Vadodara,2022-09-13,Beauty,3844.95,467.0
T000311,U0081,P046,64.22,UPI,2024-12-08,Vivaan Gupta,30.0,Other,Indore,2024-04-29,Toys,4406.39,267.0
T000312,U0103,P009,52.98,UPI,2023-08-06,Muhammad Mehta,29.0,Female,Bengaluru,2024-08-29,Clothing,1799.44,163.0
T000313,U0082,P016,47.31,Net Banking,2023-09-08,Ishaan Verma,34.0,Male,Lucknow,2024-02-29,Books,807.27,58.0
T000314,U0069,P029,31.67,Debit Card,2023-10-16,Ira Nair,34.0,Female,Chennai,2023-11-17,Clothing,393.65,289.0
T000315,U0025,P004,38.63,UPI,2025-02-25,Saanvi Bose,27.0,Female,Kolkata,2022-05-22,Toys,2600.12,229.0
T000316,U0158,P027,85.9,Debit Card,2023-11-24,Saanvi Khan,35.0,Female,Kolkata,2024-04-30,Toys,2241.45,134.0
T000317,U0084,P037,73.74,Wallet,2024-10-02,Kiara Kapoor,27.0,Male,Hyderabad,2022-03-19,Clothing,1750.62,467.0
T000318,U0049,P049,30.37,Debit Card,2025-10-17,Saanvi Chopra,34.0,Female,Kolkata,2024-03-14,Home,1701.17,159.0
T000319,U0132,P030,57.95,Net Banking,2024-09-23,Aarav Chopra,32.0,Female,Bhopal,2022-01-07,Home,685.55,36.0
T000320,U0128,P002,85.7,Credit Card,2025-03-16,Arjun Reddy,27.0,Male,Nagpur,2023-12-12,Grocery,605.91,150.0
T000321,U0130,P030,21.28,Debit Card,2024-03-16,Anaya Kapoor,27.0,Female,Indore,2022-03-05,Home,685.55,36.0
T000322,U0150,P023,75.64,Credit Card,2023-04-14,Muhammad Gupta,34.0,Other,Kolkata,2022-04-15,Books,1984.98,450.0
T000323,U0073,P032,36.69,Cash,2025-08-21,Aarohi Das,31.0,Other,Jaipur,2022-05-16,Books,2913.02,176.0
T000324,U0074,P035,76.89,Credit Card,2023-08-09,Diya Gupta,44.0,Male,Kanpur,2022-10-19,Sports,2998.97,82.0
T000325,U0111,P009,34.54,UPI,2025-01-19,Myra Roy,18.0,Other,Chennai,2023-06-08,Clothing,1799.44,163.0
T000326,U0196,P026,21.28,UPI,2023-04-03,Kabir Kulkarni,35.0,Other,Patna,2024-08-01,Beauty,3490.97,332.0
T000327,U0103,P004,21.28,Cash,2024-02-03,Muhammad Mehta,29.0,Female,Bengaluru,2024-08-29,Toys,2600.12,229.0
T000328,U0093,P036,56.2,UPI,2023-05-31,Meera Ghosh,26.0,Male,Thane,2022-12-25,Sports,1650.69,388.0
T000329,U0099,P033,63.81,Net Banking,2024-07-26,Vihaan Kulkarni,32.0,Female,Kanpur,2024-01-17,Clothing,3874.48,45.0
T000330,U0160,P044,31.73,Cash,2023-09-01,Myra Chopra,37.0,Other,Nagpur,2022-12-11,Beauty,1655.45,268.0
T000331,U0033,P007,80.09,Net Banking,2025-02-03,Ishaan Amin,31.0,Male,Visakhapatnam,2024-07-23,Books,2084.59,134.0
T000332,U0087,P036,21.28,UPI,2023-10-23,Kabir Mehta,39.0,Male,Kanpur,2022-08-04,Sports,1650.69,388.0
T000333,U0051,P039,52.48,Cash,2025-04-02,Kiara Mehta,34.0,Female,Indore,2023-04-24,Grocery,4167.72,453.0
T000334,U0129,P003,26.4,Credit Card,2023-03-21,Arjun Das,32.0,Male,Indore,2023-02-22,Beauty,3027.98,127.0
T000335,U0036,P046,36.93,UPI,2025-08-28,Ira Sharma,22.0,Other,Lucknow,2023-05-16,Toys,4406.39,267.0
T000336,U0133,P030,56.17,Debit Card,2023-10-14,Diya Singh,23.0,Female,Indore,2023-07-06,Home,685.55,36.0
T000337,U0084,P040,32.58,UPI,2023-11-29,Kiara Kapoor,27.0,Male,Hyderabad,2022-03-19,Grocery,4011.76,36.0
T000338,U0101,P040,43.35,Wallet,2024-09-04,Aadhya Chopra,20.0,Male,Jaipur,2022-02-15,Grocery,4011.76,36.0
T000339,U0152,P022,99.86,Cash,2025-09-30,Vivaan Mehta,34.0,Other,Indore,2023-11-09,Electronics,3207.91,466.0
T000340,U0182,P037,38.62,UPI,2025-08-30,Vivaan Reddy,25.0,Male,Patna,2024-08-29,Clothing,1750.62,467.0
T000341,U0005,P024,90.14,UPI,2023-08-13,Sara Sharma,30.0,Other,Chennai,2024-01-04,Home,2509.0,267.0
T000342,U0107,P038,27.72,UPI,2023-02-24,Kiara Bose,47.0,Other,Pune,2023-09-23,Home,393.65,58.0
T000343,U0153,P031,75.03,UPI,2024-04-11,Diya Gupta,26.0,Other,Lucknow,2022-01-13,Grocery,3035.94,111.0
T000344,U0185,P004,129.66,Cash,2025-09-10,Ira Bose,30.0,Female,Thane,2022-11-01,Toys,2600.12,229.0
T000345,U0044,P034,21.28,Wallet,2025-02-17,Aditya Nair,29.0,Male,Patna,2023-07-22,Books,474.01,362.0
T000346,U0038,P044,33.85,Debit Card,2023-03-06,Vivaan Ghosh,18.0,Other,Bengaluru,2022-03-29,Beauty,1655.45,268.0
T000347,U0147,P045,77.19,Credit Card,2024-01-26,Ishaan Mehta,22.0,Male,Ghaziabad,2023-09-14,Grocery,992.11,139.0
T000348,U0005,P029,48.34,UPI,2025-05-07,Sara Sharma,30.0,Other,Chennai,2024-01-04,Clothing,393.65,289.0
T000349,U0039,P027,68.22,Wallet,2024-02-22,Meera Gupta,21.0,Other,Ahmedabad,2022-05-12,Toys,2241.45,134.0
T000350,U0106,P033,38.0,Cash,2025-08-23,Aadhya Singh,35.0,Other,Ahmedabad,2022-07-16,Clothing,3874.48,45.0
T000351,U0189,P047,57.51,Credit Card,2023-10-10,Sai Iyer,25.0,Other,Bengaluru,2022-06-10,Electronics,1846.57,300.0
T000352,U0133,P014,49.73,Cash,2024-10-27,Diya Singh,23.0,Female,Indore,2023-07-06,Beauty,3844.95,467.0
T000353,U0170,P031,110.02,Cash,2025-02-10,Diya Roy,25.0,Female,Surat,2022-09-15,Grocery,3035.94,111.0
T000354,U0081,P012,63.6,Net Banking,2024-12-02,Vivaan Gupta,30.0,Other,Indore,2024-04-29,Sports,4263.31,176.0
T000355,U0140,P023,66.86,Wallet,2024-06-25,Ishaan Bose,22.0,Female,Chennai,2023-04-11,Books,1984.98,450.0
T000356,U0157,P031,42.64,Debit Card,2024-05-19,Aarohi Joshi,46.0,Female,Indore,2024-04-25,Grocery,3035.94,111.0
T000357,U0072,P036,40.75,UPI,2024-04-05,Myra Kulkarni,44.0,Other,Hyderabad,2022-03-17,Sports,1650.69,388.0
T000358,U0077,P050,42.12,UPI,2024-02-29,Vihaan Reddy,32.0,Female,Hyderabad,2024-06-30,Toys,2833.37,45.0
T000359,U0177,P046,69.18,Net Banking,2024-10-11,Ishaan Verma,32.0,Male,Vadodara,2022-10-27,Toys,4406.39,267.0
T000360,U0123,P023,42.41,Cash,2024-07-14,Aarohi Roy,43.0,Male,Bhopal,2023-04-06,Books,1984.98,450.0
T000361,U0074,P008,64.97,Cash,2025-02-16,Diya Gupta,44.0,Male,Kanpur,2022-10-19,Books,4406.39,161.0
T000362,U0102,P023,154.71,Debit Card,2024-08-17,Kiara Sharma,28.0,Other,Vadodara,2023-12-05,Books,1984.98,450.0
T000363,U0011,P019,92.08,Wallet,2023-06-11,Myra Kapoor,28.0,Male,Nagpur,2022-03-22,Home,523.79,441.0
T000364,U0089,P029,44.9,Wallet,2024-06-09,Kiara Kulkarni,27.0,Other,Ahmedabad,2024-08-05,Clothing,393.65,289.0
T000365,U0192,P031,112.25,Debit Card,2024-02-18,Kabir Roy,38.0,Male,Kolkata,2024-08-04,Grocery,3035.94,111.0
T000366,U0138,P018,42.74,Cash,2024-07-10,Aadhya Chopra,29.0,Other,Mumbai,2022-03-27,Electronics,2390.82,158.0
T000367,U0036,P007,21.28,Cash,2024-05-05,Ira Sharma,22.0,Other,Lucknow,2023-05-16,Books,2084.59,134.0
T000368,U0063,P004,29.82,Wallet,2024-04-07,Anaya Verma,23.0,Male,Patna,2023-05-04,Toys,2600.12,229.0
T000369,U0164,P015,21.28,Credit Card,2023-07-25,Muhammad Gupta,25.0,Male,Indore,2023-05-16,Books,2286.25,251.0
T000370,U0106,P022,44.22,Wallet,2025-08-25,Aadhya Singh,35.0,Other,Ahmedabad,2022-07-16,Electronics,3207.91,466.0
T000371,U0026,P044,55.2,Debit Card,2023-01-11,Ira Joshi,32.0,Male,Delhi,2024-05-31,Beauty,1655.45,268.0
T000372,U0141,P011,149.29,Net Banking,2025-09-01,Anaya Nair,33.0,Female,Jaipur,2024-02-10,Electronics,1410.29,36.0
T000373,U0123,P042,66.43,Debit Card,2024-08-11,Aarohi Roy,43.0,Male,Bhopal,2023-04-06,Home,4406.39,59.0
T000374,U0083,P019,47.87,Wallet,2023-05-02,Arjun Khan,43.0,Male,Thane,2023-07-19,Home,523.79,441.0
T000375,U0197,P006,89.81,Wallet,2024-04-20,Kabir Roy,24.0,Male,Thane,2023-12-07,Clothing,3250.7,467.0
T000376,U0137,P048,21.28,Wallet,2023-03-18,Myra Reddy,25.0,Other,Vadodara,2022-01-28,Clothing,3666.72,295.0
T000377,U0045,P027,62.89,Debit Card,2023-03-16,Sai Chopra,20.0,Male,Mumbai,2022-03-14,Toys,2241.45,134.0
T000378,U0102,P032,86.71,Debit Card,2024-08-15,Kiara Sharma,28.0,Other,Vadodara,2023-12-05,Books,2913.02,176.0
T000379,U0010,P001,22.48,UPI,2023-08-08,Diya Kulkarni,36.0,Female,Delhi,2024-01-18,Grocery,393.65,371.0
T000380,U0086,P019,108.45,Net Banking,2025-10-08,Aarohi Reddy,27.0,Female,Ahmedabad,2022-02-12,Home,523.79,441.0
T000381,U0035,P033,66.89,Net Banking,2024-07-12,Muhammad Reddy,38.0,Female,Pune,2023-07-07,Clothing,3874.48,45.0
T000382,U0050,P008,42.56,UPI,2023-11-29,Meera Mukherjee,18.0,Male,Hyderabad,2022-04-10,Books,4406.39,161.0
T000383,U0188,P030,79.81,Wallet,2024-06-10,Muhammad Das,31.0,Female,Bengaluru,2022-06-10,Home,685.55,36.0
T000384,U0184,P012,154.71,Credit Card,2024-11-21,Kiara Kulkarni,35.0,Other,Ghaziabad,2022-08-20,Sports,4263.31,176.0
T000385,U0076,P037,60.89,Wallet,2024-01-31,Ira Sharma,38.0,Other,Vadodara,2022-11-03,Clothing,1750.62,467.0
T000386,U0045,P040,63.37,Wallet,2025-04-10,Sai Chopra,20.0,Male,Mumbai,2022-03-14,Grocery,4011.76,36.0
T000387,U0110,P033,41.45,UPI,2023-06-27,Saanvi Kulkarni,31.0,Other,Lucknow,2023-04-22,Clothing,3874.48,45.0
T000388,U0103,P043,32.79,Credit Card,2024-01-14,Muhammad Mehta,29.0,Female,Bengaluru,2024-08-29,Home,3416.65,309.0
T000389,U0036,P031,89.86,UPI,2024-05-23,Ira Sharma,22.0,Other,Lucknow,2023-05-16,Grocery,3035.94,111.0
T000390,U0002,P017,32.67,Net Banking,2024-04-27,Sai Reddy,30.0,Other,Hyderabad,2023-11-24,Beauty,3697.53,235.0
T000391,U0115,P049,56.99,UPI,2024-11-06,Aarav Verma,30.0,Male,Bhopal,2023-09-18,Home,1701.17,159.0
T000392,U0078,P038,40.99,Wallet,2023-01-24,Vihaan Kapoor,29.0,Male,Jaipur,2022-10-16,Home,393.65,58.0
T000393,U0067,P042,72.78,UPI,2024-04-28,Saanvi Ghosh,31.0,Other,Ghaziabad,2022-02-10,Home,4406.39,59.0
T000394,U0016,P043,66.7,Credit Card,2025-08-11,Diya Iyer,27.0,Female,Kanpur,2022-08-03,Home,3416.65,309.0
T000395,U0079,P011,101.75,Net Banking,2025-10-26,Sara Das,32.0,Other,Lucknow,2022-07-28,Electronics,1410.29,36.0
T000396,U0181,P050,40.2,UPI,2023-08-29,Aditya Bose,37.0,Female,Bengaluru,2023-08-14,Toys,2833.37,45.0
T000397,U0164,P019,46.44,UPI,2024-03-28,Muhammad Gupta,25.0,Male,Indore,2023-05-16,Home,523.79,441.0
T000398,U0057,P009,30.35,Net Banking,2023-11-10,Aarav Gupta,25.0,Male,Pune,2023-02-21,Clothing,1799.44,163.0
T000399,U0117,P048,41.82,Cash,2025-02-04,Aadhya Joshi,31.0,Female,Kolkata,2022-06-01,Clothing,3666.72,295.0
T000400,U0107,P045,68.47,Cash,2025-08-22,Kiara Bose,47.0,Other,Pune,2023-09-23,Grocery,992.11,139.0
T000401,U0194,P035,85.99,Wallet,2024-03-23,Vihaan Kapoor,22.0,Male,Ahmedabad,2024-07-19,Sports,2998.97,82.0
T000402,U0196,P016,31.4,Wallet,2023-06-17,Kabir Kulkarni,35.0,Other,Patna,2024-08-01,Books,807.27,58.0
T000403,U0135,P029,92.0,Cash,2025-01-10,Ishaan Mukherjee,24.0,Female,Mumbai,2023-02-03,Clothing,393.65,289.0
T000404,U0020,P037,123.15,Credit Card,2023-05-07,Vivaan Ghosh,20.0,Male,Lucknow,2023-02-15,Clothing,1750.62,467.0
T000405,U0141,P033,69.97,Debit Card,2023-11-03,Anaya Nair,33.0,Female,Jaipur,2024-02-10,Clothing,3874.48,45.0
T000406,U0043,P021,154.71,Cash,2025-06-23,Ira Roy,31.0,Male,Kolkata,2022-08-19,Books,3055.12,169.0
T000407,U0030,P044,34.32,Debit Card,2025-09-28,Aarohi Sharma,29.0,Other,Hyderabad,2023-11-30,Beauty,1655.45,268.0
T000408,U0024,P033,25.87,Net Banking,2023-04-24,Aarohi Kapoor,20.0,Female,Patna,2023-03-15,Clothing,3874.48,45.0
T000409,U0117,P009,21.28,Cash,2025-04-30,Aadhya Joshi,31.0,Female,Kolkata,2022-06-01,Clothing,1799.44,163.0
T000410,U0117,P037,133.97,Credit Card,2025-08-04,Aadhya Joshi,31.0,Female,Kolkata,2022-06-01,Clothing,1750.62,467.0
T000411,U0173,P020,80.85,Wallet,2023-02-14,Muhammad Joshi,31.0,Female,Patna,2024-09-27,Toys,1595.75,428.0
T000412,U0102,P017,52.81,Credit Card,2024-03-22,Kiara Sharma,28.0,Other,Vadodara,2023-12-05,Beauty,3697.53,235.0
T000413,U0149,P005,64.58,Credit Card,2025-05-17,Aarav Singh,36.0,Other,Nagpur,2023-02-11,Books,1178.99,36.0
T000414,U0089,P045,27.79,Credit Card,2023-05-04,Kiara Kulkarni,27.0,Other,Ahmedabad,2024-08-05,Grocery,992.11,139.0
T000415,U0018,P031,154.71,Credit Card,2024-08-10,Sai Iyer,34.0,Female,Nagpur,2022-10-04,Grocery,3035.94,111.0
T000416,U0105,P012,59.0,Debit Card,2025-05-10,Kabir Amin,30.0,Female,Indore,2022-12-01,Sports,4263.31,176.0
T000417,U0096,P025,58.3,Net Banking,2025-02-12,Aditya Khan,20.0,Female,Visakhapatnam,2023-02-14,Electronics,1408.97,272.0
T000418,U0097,P006,84.39,Wallet,2023-09-30,Aarohi Nair,34.0,Male,Hyderabad,2024-06-17,Clothing,3250.7,467.0
T000419,U0168,P023,72.86,Credit Card,2024-01-01,Saanvi Mehta,47.0,Female,Vadodara,2023-06-28,Books,1984.98,450.0
T000420,U0138,P026,62.45,Cash,2023-09-18,Aadhya Chopra,29.0,Other,Mumbai,2022-03-27,Beauty,3490.97,332.0
T000421,U0187,P015,33.98,Credit Card,2023-02-16,Vivaan Kulkarni,35.0,Other,Hyderabad,2024-08-28,Books,2286.25,251.0
T000422,U0077,P030,72.45,Wallet,2025-05-18,Vihaan Reddy,32.0,Female,Hyderabad,2024-06-30,Home,685.55,36.0
T000423,U0137,P025,154.71,Debit Card,2024-05-21,Myra Reddy,25.0,Other,Vadodara,2022-01-28,Electronics,1408.97,272.0
T000424,U0118,P023,122.39,Debit Card,2024-07-18,Aarav Patel,22.0,Female,Kolkata,2022-06-30,Books,1984.98,450.0
T000425,U0049,P047,142.01,Credit Card,2023-03-07,Saanvi Chopra,34.0,Female,Kolkata,2024-03-14,Electronics,1846.57,300.0
T000426,U0170,P027,40.18,Cash,2023-02-02,Diya Roy,25.0,Female,Surat,2022-09-15,Toys,2241.45,134.0
T000427,U0062,P014,30.15,Credit Card,2023-07-26,Muhammad Verma,30.0,Other,Vadodara,2022-03-04,Beauty,3844.95,467.0
T000428,U0153,P003,50.63,Net Banking,2023-04-10,Diya Gupta,26.0,Other,Lucknow,2022-01-13,Beauty,3027.98,127.0
T000429,U0063,P048,56.45,Credit Card,2025-04-03,Anaya Verma,23.0,Male,Patna,2023-05-04,Clothing,3666.72,295.0
T000430,U0113,P015,105.27,Cash,2024-03-20,Ira Kulkarni,32.0,Female,Bengaluru,2024-04-18,Books,2286.25,251.0
T000431,U0194,P050,21.28,Credit Card,2023-10-14,Vihaan Kapoor,22.0,Male,Ahmedabad,2024-07-19,Toys,2833.37,45.0
T000432,U0129,P019,136.69,Debit Card,2024-10-15,Arjun Das,32.0,Male,Indore,2023-02-22,Home,523.79,441.0
T000433,U0148,P039,49.66,Wallet,2024-10-18,Vihaan Iyer,21.0,Female,Hyderabad,2023-08-16,Grocery,4167.72,453.0
T000434,U0061,P020,42.26,Debit Card,2024-03-28,Aarohi Joshi,28.0,Male,Chennai,2022-10-31,Toys,1595.75,428.0
T000435,U0106,P020,29.75,UPI,2023-05-05,Aadhya Singh,35.0,Other,Ahmedabad,2022-07-16,Toys,1595.75,428.0
T000436,U0143,P038,21.28,Wallet,2023-12-25,Aarohi Verma,19.0,Female,Kolkata,2023-10-28,Home,393.65,58.0
T000437,U0161,P044,89.47,Net Banking,2025-10-12,Aarav Joshi,24.0,Female,Pune,2023-05-15,Beauty,1655.45,268.0
T000438,U0013,P023,57.05,Wallet,2025-02-19,Diya Chopra,33.0,Male,Bengaluru,2022-02-16,Books,1984.98,450.0
T000439,U0135,P021,25.18,Wallet,2025-05-02,Ishaan Mukherjee,24.0,Female,Mumbai,2023-02-03,Books,3055.12,169.0
T000440,U0105,P010,25.1,UPI,2025-02-09,Kabir Amin,30.0,Female,Indore,2022-12-01,Sports,1315.44,77.0
T000441,U0048,P049,44.64,Cash,2025-08-27,Meera Das,40.0,Other,Ahmedabad,2024-01-11,Home,1701.17,159.0
T000442,U0062,P015,148.62,UPI,2023-10-23,Muhammad Verma,30.0,Other,Vadodara,2022-03-04,Books,2286.25,251.0
T000443,U0119,P004,46.72,Cash,2025-04-25,Ira Roy,41.0,Male,Vadodara,2022-09-13,Toys,2600.12,229.0
T000444,U0107,P036,22.16,Cash,2023-10-02,Kiara Bose,47.0,Other,Pune,2023-09-23,Sports,1650.69,388.0
T000445,U0100,P016,47.11,UPI,2024-02-21,Anaya Mukherjee,30.0,Other,Visakhapatnam,2022-04-29,Books,807.27,58.0
T000446,U0085,P042,46.36,Credit Card,2025-07-10,Arjun Kapoor,25.0,Male,Kanpur,2023-08-20,Home,4406.39,59.0
T000447,U0095,P006,21.28,Cash,2024-01-26,Muhammad Bose,28.0,Female,Jaipur,2024-06-04,Clothing,3250.7,467.0
T000448,U0014,P018,52.85,Net Banking,2023-03-22,Sai Singh,18.0,Male,Kolkata,2024-06-06,Electronics,2390.82,158.0
T000449,U0019,P013,47.53,Cash,2024-03-20,Aarohi Ghosh,24.0,Other,Lucknow,2024-05-13,Beauty,3354.37,155.0
T000450,U0123,P014,82.91,UPI,2024-09-12,Aarohi Roy,43.0,Male,Bhopal,2023-04-06,Beauty,3844.95,467.0
T000451,U0004,P014,154.71,Debit Card,2023-08-29,Aarav Gupta,44.0,Male,Kolkata,2023-06-02,Beauty,3844.95,467.0
T000452,U0192,P049,107.33,Net Banking,2024-05-11,Kabir Roy,38.0,Male,Kolkata,2024-08-04,Home,1701.17,159.0
T000453,U0179,P039,46.46,Wallet,2024-02-23,Kabir Joshi,29.0,Female,Thane,2022-12-15,Grocery,4167.72,453.0
T000454,U0102,P016,28.11,Cash,2024-10-20,Kiara Sharma,28.0,Other,Vadodara,2023-12-05,Books,807.27,58.0
T000455,U0199,P019,154.71,Net Banking,2025-08-12,Meera Roy,32.0,Male,Ghaziabad,2022-02-10,Home,523.79,441.0
T000456,U0137,P042,56.57,UPI,2024-09-23,Myra Reddy,25.0,Other,Vadodara,2022-01-28,Home,4406.39,59.0
T000457,U0067,P024,55.06,Cash,2025-10-15,Saanvi Ghosh,31.0,Other,Ghaziabad,2022-02-10,Home,2509.0,267.0
T000458,U0120,P007,53.81,Wallet,2025-08-19,Vihaan Roy,38.0,Male,Thane,2023-11-15,Books,2084.59,134.0
T000459,U0195,P021,61.49,Debit Card,2025-01-29,Ishaan Reddy,33.0,Male,Delhi,2022-06-19,Books,3055.12,169.0
T000460,U0081,P027,50.07,Credit Card,2024-03-29,Vivaan Gupta,30.0,Other,Indore,2024-04-29,Toys,2241.45,134.0
T000461,U0190,P010,38.7,Credit Card,2024-06-18,Aarav Mukherjee,19.0,Female,Ghaziabad,2023-04-27,Sports,1315.44,77.0
T000462,U0142,P038,39.33,Cash,2025-05-05,Kiara Khan,42.0,Male,Bhopal,2022-01-20,Home,393.65,58.0
T000463,U0076,P010,53.54,Debit Card,2024-11-06,Ira Sharma,38.0,Other,Vadodara,2022-11-03,Sports,1315.44,77.0
T000464,U0059,P025,39.41,Cash,2024-05-18,Vivaan Iyer,34.0,Female,Mumbai,2023-02-04,Electronics,1408.97,272.0
T000465,U0128,P036,35.6,Wallet,2024-11-22,Arjun Reddy,27.0,Male,Nagpur,2023-12-12,Sports,1650.69,388.0
T000466,U0066,P049,58.2,Net Banking,2025-10-01,Aditya Ghosh,42.0,Female,Hyderabad,2024-08-22,Home,1701.17,159.0
T000467,U0118,P011,46.85,Wallet,2024-12-22,Aarav Patel,22.0,Female,Kolkata,2022-06-30,Electronics,1410.29,36.0
T000468,U0044,P009,134.61,Wallet,2025-09-27,Aditya Nair,29.0,Male,Patna,2023-07-22,Clothing,1799.44,163.0
T000469,U0048,P035,21.28,Wallet,2023-05-01,Meera Das,40.0,Other,Ahmedabad,2024-01-11,Sports,2998.97,82.0
T000470,U0135,P003,105.1,Credit Card,2023-04-10,Ishaan Mukherjee,24.0,Female,Mumbai,2023-02-03,Beauty,3027.98,127.0
T000471,U0196,P001,115.31,Net Banking,2023-10-09,Kabir Kulkarni,35.0,Other,Patna,2024-08-01,Grocery,393.65,371.0
T000472,U0162,P015,21.28,Credit Card,2023-11-06,Muhammad Mehta,38.0,Female,Lucknow,2022-10-14,Books,2286.25,251.0
T000473,U0003,P014,44.45,Cash,2025-07-22,Aarohi Gupta,37.0,Other,Indore,2022-02-02,Beauty,3844.95,467.0
T000474,U0096,P004,43.69,Cash,2025-09-16,Aditya Khan,20.0,Female,Visakhapatnam,2023-02-14,Toys,2600.12,229.0
T000475,U0169,P032,23.46,Credit Card,2023-01-14,Diya Mukherjee,30.0,Other,Vadodara,2022-12-05,Books,2913.02,176.0
T000476,U0137,P036,34.24,Net Banking,2023-01-25,Myra Reddy,25.0,Other,Vadodara,2022-01-28,Sports,1650.69,388.0
T000477,U0005,P034,28.04,Wallet,2024-07-16,Sara Sharma,30.0,Other,Chennai,2024-01-04,Books,474.01,362.0
T000478,U0138,P019,154.71,Credit Card,2025-10-25,Aadhya Chopra,29.0,Other,Mumbai,2022-03-27,Home,523.79,441.0
T000479,U0179,P044,95.72,Net Banking,2024-01-03,Kabir Joshi,29.0,Female,Thane,2022-12-15,Beauty,1655.45,268.0
T000480,U0028,P007,117.09,Cash,2023-11-01,Kiara Kulkarni,35.0,Male,Nagpur,2023-01-26,Books,2084.59,134.0
T000481,U0062,P013,84.18,Cash,2024-05-31,Muhammad Verma,30.0,Other,Vadodara,2022-03-04,Beauty,3354.37,155.0
T000482,U0091,P018,27.73,Net Banking,2023-06-11,Reyansh Nair,32.0,Female,Kolkata,2022-10-01,Electronics,2390.82,158.0
T000483,U0096,P026,39.86,Net Banking,2024-05-13,Aditya Khan,20.0,Female,Visakhapatnam,2023-02-14,Beauty,3490.97,332.0
T000484,U0179,P015,73.23,UPI,2023-06-15,Kabir Joshi,29.0,Female,Thane,2022-12-15,Books,2286.25,251.0
T000485,U0168,P042,26.23,Credit Card,2023-07-11,Saanvi Mehta,47.0,Female,Vadodara,2023-06-28,Home,4406.39,59.0
T000486,U0104,P025,83.75,Net Banking,2025-09-01,Anaya Kulkarni,25.0,Female,Hyderabad,2024-01-08,Electronics,1408.97,272.0
T000487,U0015,P041,47.27,Credit Card,2023-12-17,Vihaan Bose,18.0,Female,Thane,2023-10-13,Home,3218.83,273.0
T000488,U0022,P032,43.6,Net Banking,2024-11-09,Anaya Das,30.0,Other,Bhopal,2023-02-10,Books,2913.02,176.0
T000489,U0145,P007,83.64,Cash,2023-03-29,Aarav Kulkarni,34.0,Male,Kolkata,2022-05-10,Books,2084.59,134.0
T000490,U0059,P014,71.28,Wallet,2025-08-31,Vivaan Iyer,34.0,Female,Mumbai,2023-02-04,Beauty,3844.95,467.0
T000491,U0070,P003,43.97,Credit Card,2024-07-28,Anaya Ghosh,26.0,Female,Nagpur,2022-05-15,Beauty,3027.98,127.0
T000492,U0140,P037,109.46,Wallet,2023-03-09,Ishaan Bose,22.0,Female,Chennai,2023-04-11,Clothing,1750.62,467.0
T000493,U0046,P021,28.54,Credit Card,2024-02-29,Vivaan Ghosh,26.0,Male,Delhi,2024-05-30,Books,3055.12,169.0
T000494,U0151,P010,79.01,Wallet,2025-03-26,Kabir Kulkarni,34.0,Male,Patna,2024-03-12,Sports,1315.44,77.0
T000495,U0020,P020,77.93,Debit Card,2024-05-07,Vivaan Ghosh,20.0,Male,Lucknow,2023-02-15,Toys,1595.75,428.0
T000496,U0146,P025,45.34,Wallet,2024-11-10,Meera Patel,38.0,Other,Chennai,2023-04-22,Electronics,1408.97,272.0
T000497,U0099,P049,66.4,Wallet,2023-10-14,Vihaan Kulkarni,32.0,Female,Kanpur,2024-01-17,Home,1701.17,159.0
T000498,U0177,P047,25.77,Credit Card,2025-10-22,Ishaan Verma,32.0,Male,Vadodara,2022-10-27,Electronics,1846.57,300.0
T000499,U0191,P023,95.05,Credit Card,2023-07-20,Kabir Verma,28.0,Male,Surat,2023-12-25,Books,1984.98,450.0
T000500,U0112,P015,48.86,Credit Card,2024-11-28,Meera Iyer,31.0,Other,Bengaluru,2022-10-18,Books,2286.25,251.0
T000501,U0155,P050,39.9,Cash,2025-03-23,Diya Roy,34.0,Other,Ahmedabad,2023-03-22,Toys,2833.37,45.0
T000502,U0199,P021,102.45,Credit Card,2024-07-13,Meera Roy,32.0,Male,Ghaziabad,2022-02-10,Books,3055.12,169.0
T000503,U0116,P032,35.78,Debit Card,2024-12-29,Aditya Roy,34.0,Female,Patna,2022-07-19,Books,2913.02,176.0
T000504,U0142,P025,23.45,Net Banking,2024-01-16,Kiara Khan,42.0,Male,Bhopal,2022-01-20,Electronics,1408.97,272.0
T000505,U0175,P038,21.46,Wallet,2025-02-17,Muhammad Singh,34.0,Male,Kanpur,2022-07-03,Home,393.65,58.0
T000506,U0022,P050,78.54,Cash,2024-08-27,Anaya Das,30.0,Other,Bhopal,2023-02-10,Toys,2833.37,45.0
T000507,U0064,P046,25.32,Credit Card,2023-06-18,Ira Amin,22.0,Male,Delhi,2024-09-10,Toys,4406.39,267.0
T000508,U0069,P010,154.71,Net Banking,2023-11-12,Ira Nair,34.0,Female,Chennai,2023-11-17,Sports,1315.44,77.0
T000509,U0190,P025,21.28,UPI,2025-01-08,Aarav Mukherjee,19.0,Female,Ghaziabad,2023-04-27,Electronics,1408.97,272.0
T000510,U0028,P006,151.09,Credit Card,2024-09-23,Kiara Kulkarni,35.0,Male,Nagpur,2023-01-26,Clothing,3250.7,467.0
T000511,U0114,P024,61.97,UPI,2023-07-29,Sai Singh,51.0,Male,Chennai,2022-05-31,Home,2509.0,267.0
T000512,U0034,P006,51.52,Debit Card,2025-06-01,Vihaan Singh,23.0,Other,Visakhapatnam,2023-09-16,Clothing,3250.7,467.0
T000513,U0115,P036,39.37,Cash,2025-04-15,Aarav Verma,30.0,Male,Bhopal,2023-09-18,Sports,1650.69,388.0
T000514,U0027,P002,69.37,Credit Card,2024-12-25,Vihaan Reddy,22.0,Other,Pune,2024-03-22,Grocery,605.91,150.0
T000515,U0142,P006,53.38,Cash,2024-10-26,Kiara Khan,42.0,Male,Bhopal,2022-01-20,Clothing,3250.7,467.0
T000516,U0099,P001,105.85,UPI,2025-04-27,Vihaan Kulkarni,32.0,Female,Kanpur,2024-01-17,Grocery,393.65,371.0
T000517,U0100,P050,58.47,Credit Card,2024-05-12,Anaya Mukherjee,30.0,Other,Visakhapatnam,2022-04-29,Toys,2833.37,45.0
T000518,U0147,P034,59.75,Debit Card,2025-02-18,Ishaan Mehta,22.0,Male,Ghaziabad,2023-09-14,Books,474.01,362.0
T000519,U0044,P009,43.9,UPI,2024-09-08,Aditya Nair,29.0,Male,Patna,2023-07-22,Clothing,1799.44,163.0
T000520,U0069,P032,52.76,Debit Card,2023-05-10,Ira Nair,34.0,Female,Chennai,2023-11-17,Books,2913.02,176.0
T000521,U0043,P028,65.67,UPI,2025-05-12,Ira Roy,31.0,Male,Kolkata,2022-08-19,Home,3602.11,250.0
T000522,U0077,P031,21.28,Credit Card,2025-01-09,Vihaan Reddy,32.0,Female,Hyderabad,2024-06-30,Grocery,3035.94,111.0
T000523,U0065,P016,24.31,Wallet,2025-10-12,Ira Gupta,38.0,Male,Bengaluru,2023-09-02,Books,807.27,58.0
T000524,U0153,P040,85.28,Debit Card,2025-07-26,Diya Gupta,26.0,Other,Lucknow,2022-01-13,Grocery,4011.76,36.0
T000525,U0028,P009,60.49,UPI,2023-01-14,Kiara Kulkarni,35.0,Male,Nagpur,2023-01-26,Clothing,1799.44,163.0
T000526,U0102,P022,48.89,Cash,2025-02-17,Kiara Sharma,28.0,Other,Vadodara,2023-12-05,Electronics,3207.91,466.0
T000527,U0085,P029,55.21,UPI,2025-05-31,Arjun Kapoor,25.0,Male,Kanpur,2023-08-20,Clothing,393.65,289.0
T000528,U0167,P039,67.26,Debit Card,2024-09-07,Sai Bose,38.0,Other,Kolkata,2022-11-10,Grocery,4167.72,453.0
T000529,U0083,P039,39.49,Wallet,2024-02-16,Arjun Khan,43.0,Male,Thane,2023-07-19,Grocery,4167.72,453.0
T000530,U0123,P021,34.23,Debit Card,2025-03-26,Aarohi Roy,43.0,Male,Bhopal,2023-04-06,Books,3055.12,169.0
T000531,U0082,P019,61.41,Wallet,2025-10-02,Ishaan Verma,34.0,Male,Lucknow,2024-02-29,Home,523.79,441.0
T000532,U0148,P016,30.36,UPI,2025-02-09,Vihaan Iyer,21.0,Female,Hyderabad,2023-08-16,Books,807.27,58.0
T000533,U0072,P026,69.75,UPI,2023-08-22,Myra Kulkarni,44.0,Other,Hyderabad,2022-03-17,Beauty,3490.97,332.0
T000534,U0145,P013,21.28,Cash,2024-01-04,Aarav Kulkarni,34.0,Male,Kolkata,2022-05-10,Beauty,3354.37,155.0
T000535,U0175,P050,101.24,Cash,2023-02-25,Muhammad Singh,34.0,Male,Kanpur,2022-07-03,Toys,2833.37,45.0
T000536,U0187,P030,72.5,Wallet,2024-03-05,Vivaan Kulkarni,35.0,Other,Hyderabad,2024-08-28,Home,685.55,36.0
T000537,U0113,P019,63.66,Wallet,2023-05-22,Ira Kulkarni,32.0,Female,Bengaluru,2024-04-18,Home,523.79,441.0
T000538,U0105,P044,98.46,Net Banking,2023-10-13,Kabir Amin,30.0,Female,Indore,2022-12-01,Beauty,1655.45,268.0
T000539,U0163,P020,148.31,Debit Card,2024-06-01,Sara Khan,41.0,Other,Mumbai,2023-06-14,Toys,1595.75,428.0
T000540,U0169,P010,100.35,Wallet,2025-05-16,Diya Mukherjee,30.0,Other,Vadodara,2022-12-05,Sports,1315.44,77.0
T000541,U0097,P005,21.28,Net Banking,2025-09-08,Aarohi Nair,34.0,Male,Hyderabad,2024-06-17,Books,1178.99,36.0
T000542,U0150,P026,25.34,Cash,2025-05-06,Muhammad Gupta,34.0,Other,Kolkata,2022-04-15,Beauty,3490.97,332.0
T000543,U0140,P003,37.53,UPI,2023-06-24,Ishaan Bose,22.0,Female,Chennai,2023-04-11,Beauty,3027.98,127.0
T000544,U0028,P050,55.46,Debit Card,2024-12-28,Kiara Kulkarni,35.0,Male,Nagpur,2023-01-26,Toys,2833.37,45.0
T000545,U0043,P042,74.48,Cash,2023-04-01,Ira Roy,31.0,Male,Kolkata,2022-08-19,Home,4406.39,59.0
T000546,U0145,P042,35.32,Wallet,2025-03-29,Aarav Kulkarni,34.0,Male,Kolkata,2022-05-10,Home,4406.39,59.0
T000547,U0193,P022,61.07,Net Banking,2023-08-05,Ishaan Chopra,33.0,Other,Chennai,2023-03-12,Electronics,3207.91,466.0
T000548,U0003,P007,34.7,UPI,2024-03-30,Aarohi Gupta,37.0,Other,Indore,2022-02-02,Books,2084.59,134.0
T000549,U0131,P048,37.83,Cash,2024-03-28,Muhammad Mukherjee,19.0,Female,Patna,2024-08-26,Clothing,3666.72,295.0
T000550,U0115,P024,23.48,Net Banking,2025-08-06,Aarav Verma,30.0,Male,Bhopal,2023-09-18,Home,2509.0,267.0
T000551,U0198,P044,31.38,Cash,2025-10-21,Kabir Bose,33.0,Female,Visakhapatnam,2023-07-07,Beauty,1655.45,268.0
T000552,U0039,P023,24.26,Credit Card,2025-09-15,Meera Gupta,21.0,Other,Ahmedabad,2022-05-12,Books,1984.98,450.0
T000553,U0027,P019,30.4,Net Banking,2023-06-25,Vihaan Reddy,22.0,Other,Pune,2024-03-22,Home,523.79,441.0
T000554,U0030,P047,102.74,Debit Card,2024-12-14,Aarohi Sharma,29.0,Other,Hyderabad,2023-11-30,Electronics,1846.57,300.0
T000555,U0080,P022,30.89,Net Banking,2024-02-28,Ishaan Amin,18.0,Female,Jaipur,2024-07-16,Electronics,3207.91,466.0
T000556,U0134,P031,154.71,UPI,2025-09-02,Aarohi Kulkarni,35.0,Male,Bhopal,2022-08-13,Grocery,3035.94,111.0
T000557,U0025,P029,73.4,Wallet,2025-07-15,Saanvi Bose,27.0,Female,Kolkata,2022-05-22,Clothing,393.65,289.0
T000558,U0082,P005,61.0,UPI,2023-04-02,Ishaan Verma,34.0,Male,Lucknow,2024-02-29,Books,1178.99,36.0
T000559,U0182,P008,32.62,Credit Card,2024-12-03,Vivaan Reddy,25.0,Male,Patna,2024-08-29,Books,4406.39,161.0
T000560,U0166,P007,83.11,Wallet,2023-12-03,Meera Roy,35.0,Male,Bengaluru,2022-10-29,Books,2084.59,134.0
T000561,U0190,P016,38.65,Cash,2023-12-24,Aarav Mukherjee,19.0,Female,Ghaziabad,2023-04-27,Books,807.27,58.0
T000562,U0142,P011,58.74,UPI,2025-05-23,Kiara Khan,42.0,Male,Bhopal,2022-01-20,Electronics,1410.29,36.0
T000563,U0119,P015,154.71,Net Banking,2024-01-13,Ira Roy,41.0,Male,Vadodara,2022-09-13,Books,2286.25,251.0
T000564,U0048,P041,51.54,Wallet,2025-06-04,Meera Das,40.0,Other,Ahmedabad,2024-01-11,Home,3218.83,273.0
T000565,U0102,P002,108.81,Wallet,2024-02-09,Kiara Sharma,28.0,Other,Vadodara,2023-12-05,Grocery,605.91,150.0
T000566,U0116,P038,35.81,Net Banking,2025-03-07,Aditya Roy,34.0,Female,Patna,2022-07-19,Home,393.65,58.0
T000567,U0002,P046,53.46,Debit Card,2024-02-26,Sai Reddy,30.0,Other,Hyderabad,2023-11-24,Toys,4406.39,267.0
T000568,U0072,P049,154.71,Wallet,2023-05-09,Myra Kulkarni,44.0,Other,Hyderabad,2022-03-17,Home,1701.17,159.0
T000569,U0148,P007,37.48,Cash,2024-01-18,Vihaan Iyer,21.0,Female,Hyderabad,2023-08-16,Books,2084.59,134.0
T000570,U0094,P021,154.71,Debit Card,2025-07-26,Kabir Ghosh,29.0,Male,Mumbai,2023-11-07,Books,3055.12,169.0
T000571,U0030,P017,83.48,Wallet,2025-09-29,Aarohi Sharma,29.0,Other,Hyderabad,2023-11-30,Beauty,3697.53,235.0
T000572,U0136,P041,38.96,UPI,2025-03-06,Anaya Bose,44.0,Other,Pune,2024-05-10,Home,3218.83,273.0
T000573,U0157,P026,79.79,Cash,2023-08-22,Aarohi Joshi,46.0,Female,Indore,2024-04-25,Beauty,3490.97,332.0
T000574,U0090,P023,97.86,Net Banking,2023-12-20,Sai Iyer,36.0,Male,Indore,2022-01-26,Books,1984.98,450.0
T000575,U0173,P046,79.29,UPI,2023-06-23,Muhammad Joshi,31.0,Female,Patna,2024-09-27,Toys,4406.39,267.0
T000576,U0173,P009,21.28,UPI,2023-08-30,Muhammad Joshi,31.0,Female,Patna,2024-09-27,Clothing,1799.44,163.0
T000577,U0062,P020,35.29,Credit Card,2024-01-10,Muhammad Verma,30.0,Other,Vadodara,2022-03-04,Toys,1595.75,428.0
T000578,U0096,P045,47.06,Debit Card,2025-03-06,Aditya Khan,20.0,Female,Visakhapatnam,2023-02-14,Grocery,992.11,139.0
T000579,U0108,P039,52.21,Debit Card,2025-02-24,Saanvi Singh,33.0,Female,Vadodara,2024-05-03,Grocery,4167.72,453.0
T000580,U0109,P012,79.23,Net Banking,2023-12-21,Aarav Singh,34.0,Female,Chennai,2023-03-17,Sports,4263.31,176.0
T000581,U0143,P011,60.74,Net Banking,2024-08-14,Aarohi Verma,19.0,Female,Kolkata,2023-10-28,Electronics,1410.29,36.0
T000582,U0036,P012,24.5,UPI,2025-07-12,Ira Sharma,22.0,Other,Lucknow,2023-05-16,Sports,4263.31,176.0
T000583,U0159,P004,68.59,UPI,2023-01-20,Aditya Khan,22.0,Female,Kolkata,2024-02-08,Toys,2600.12,229.0
T000584,U0125,P009,78.76,Debit Card,2025-02-25,Ira Joshi,36.0,Other,Kolkata,2022-10-09,Clothing,1799.44,163.0
T000585,U0144,P033,76.39,Wallet,2025-10-10,Aditya Verma,33.0,Male,Kolkata,2022-07-24,Clothing,3874.48,45.0
T000586,U0105,P044,104.42,Net Banking,2025-05-01,Kabir Amin,30.0,Female,Indore,2022-12-01,Beauty,1655.45,268.0
T000587,U0182,P029,90.05,Net Banking,2023-12-09,Vivaan Reddy,25.0,Male,Patna,2024-08-29,Clothing,393.65,289.0
T000588,U0022,P037,71.92,Credit Card,2024-03-27,Anaya Das,30.0,Other,Bhopal,2023-02-10,Clothing,1750.62,467.0
T000589,U0075,P003,52.35,UPI,2024-04-05,Reyansh Roy,18.0,Other,Surat,2023-09-19,Beauty,3027.98,127.0
T000590,U0138,P019,21.28,Debit Card,2025-07-25,Aadhya Chopra,29.0,Other,Mumbai,2022-03-27,Home,523.79,441.0
T000591,U0145,P048,70.65,Net Banking,2023-08-20,Aarav Kulkarni,34.0,Male,Kolkata,2022-05-10,Clothing,3666.72,295.0
T000592,U0147,P008,61.84,UPI,2025-01-21,Ishaan Mehta,22.0,Male,Ghaziabad,2023-09-14,Books,4406.39,161.0
T000593,U0139,P049,64.26,Credit Card,2025-06-22,Kiara Reddy,38.0,Female,Pune,2022-02-21,Home,1701.17,159.0
T000594,U0140,P014,25.38,Net Banking,2023-07-29,Ishaan Bose,22.0,Female,Chennai,2023-04-11,Beauty,3844.95,467.0
T000595,U0189,P042,28.54,Debit Card,2024-09-01,Sai Iyer,25.0,Other,Bengaluru,2022-06-10,Home,4406.39,59.0
T000596,U0009,P029,102.71,UPI,2024-12-14,Aditya Bose,28.0,Male,Kanpur,2024-05-17,Clothing,393.65,289.0
T000597,U0023,P029,53.32,Credit Card,2024-04-30,Myra Reddy,32.0,Female,Ahmedabad,2022-09-10,Clothing,393.65,289.0
T000598,U0054,P048,82.18,Cash,2024-12-19,Aarohi Roy,36.0,Male,Indore,2022-07-07,Clothing,3666.72,295.0
T000599,U0182,P040,55.53,Wallet,2025-05-26,Vivaan Reddy,25.0,Male,Patna,2024-08-29,Grocery,4011.76,36.0
T000600,U0043,P040,55.58,Debit Card,2024-02-28,Ira Roy,31.0,Male,Kolkata,2022-08-19,Grocery,4011.76,36.0
T000601,U0053,P004,95.87,Cash,2024-12-19,Anaya Patel,26.0,Male,Chennai,2022-07-14,Toys,2600.12,229.0
T000602,U0137,P018,40.06,Cash,2023-12-11,Myra Reddy,25.0,Other,Vadodara,2022-01-28,Electronics,2390.82,158.0
T000603,U0083,P046,57.84,UPI,2024-08-15,Arjun Khan,43.0,Male,Thane,2023-07-19,Toys,4406.39,267.0
T000604,U0147,P018,41.37,Cash,2023-07-15,Ishaan Mehta,22.0,Male,Ghaziabad,2023-09-14,Electronics,2390.82,158.0
T000605,U0035,P049,42.07,Net Banking,2023-05-02,Muhammad Reddy,38.0,Female,Pune,2023-07-07,Home,1701.17,159.0
T000606,U0071,P042,45.35,Debit Card,2023-09-29,Kabir Roy,34.0,Female,Bengaluru,2022-01-10,Home,4406.39,59.0
T000607,U0064,P010,62.38,Wallet,2024-10-21,Ira Amin,22.0,Male,Delhi,2024-09-10,Sports,1315.44,77.0
T000608,U0064,P049,40.97,Wallet,2025-03-15,Ira Amin,22.0,Male,Delhi,2024-09-10,Home,1701.17,159.0
T000609,U0126,P010,115.98,Cash,2024-07-04,Myra Gupta,49.0,Other,Surat,2022-08-29,Sports,1315.44,77.0
T000610,U0161,P027,31.92,Net Banking,2025-07-14,Aarav Joshi,24.0,Female,Pune,2023-05-15,Toys,2241.45,134.0
T000611,U0020,P041,48.81,Credit Card,2025-04-05,Vivaan Ghosh,20.0,Male,Lucknow,2023-02-15,Home,3218.83,273.0
T000612,U0132,P048,41.94,UPI,2025-01-25,Aarav Chopra,32.0,Female,Bhopal,2022-01-07,Clothing,3666.72,295.0
T000613,U0117,P032,130.08,UPI,2023-01-06,Aadhya Joshi,31.0,Female,Kolkata,2022-06-01,Books,2913.02,176.0
T000614,U0199,P047,61.43,Credit Card,2025-07-27,Meera Roy,32.0,Male,Ghaziabad,2022-02-10,Electronics,1846.57,300.0
T000615,U0163,P043,101.4,Wallet,2025-01-03,Sara Khan,41.0,Other,Mumbai,2023-06-14,Home,3416.65,309.0
T000616,U0017,P035,22.39,Net Banking,2024-03-22,Ishaan Gupta,23.0,Other,Pune,2023-07-01,Sports,2998.97,82.0
T000617,U0110,P014,64.09,Net Banking,2024-07-03,Saanvi Kulkarni,31.0,Other,Lucknow,2023-04-22,Beauty,3844.95,467.0
T000618,U0083,P019,93.11,UPI,2023-09-25,Arjun Khan,43.0,Male,Thane,2023-07-19,Home,523.79,441.0
T000619,U0145,P032,57.36,UPI,2023-04-10,Aarav Kulkarni,34.0,Male,Kolkata,2022-05-10,Books,2913.02,176.0
T000620,U0012,P007,103.47,Wallet,2025-07-30,Aarohi Singh,28.0,Other,Ghaziabad,2024-06-25,Books,2084.59,134.0
T000621,U0005,P008,40.03,Debit Card,2025-06-22,Sara Sharma,30.0,Other,Chennai,2024-01-04,Books,4406.39,161.0
T000622,U0117,P001,127.18,Net Banking,2024-02-19,Aadhya Joshi,31.0,Female,Kolkata,2022-06-01,Grocery,393.65,371.0
T000623,U0177,P009,154.71,Wallet,2024-09-10,Ishaan Verma,32.0,Male,Vadodara,2022-10-27,Clothing,1799.44,163.0
T000624,U0041,P018,43.92,Credit Card,2025-01-08,Sara Mukherjee,37.0,Male,Vadodara,2024-02-13,Electronics,2390.82,158.0
T000625,U0065,P006,41.79,UPI,2023-12-05,Ira Gupta,38.0,Male,Bengaluru,2023-09-02,Clothing,3250.7,467.0
T000626,U0014,P026,130.59,Wallet,2024-09-17,Sai Singh,18.0,Male,Kolkata,2024-06-06,Beauty,3490.97,332.0
T000627,U0186,P045,140.86,Debit Card,2025-05-29,Saanvi Mukherjee,37.0,Female,Patna,2023-09-28,Grocery,992.11,139.0
T000628,U0168,P006,39.9,Wallet,2023-07-14,Saanvi Mehta,47.0,Female,Vadodara,2023-06-28,Clothing,3250.7,467.0
T000629,U0001,P014,42.43,Net Banking,2023-06-09,Vihaan Sharma,35.0,Other,Jaipur,2022-09-08,Beauty,3844.95,467.0
T000630,U0034,P038,46.11,Debit Card,2025-06-30,Vihaan Singh,23.0,Other,Visakhapatnam,2023-09-16,Home,393.65,58.0
T000631,U0003,P001,24.37,Wallet,2024-12-04,Aarohi Gupta,37.0,Other,Indore,2022-02-02,Grocery,393.65,371.0
T000632,U0031,P028,31.46,Wallet,2023-09-28,Aarohi Khan,27.0,Other,Lucknow,2022-04-25,Home,3602.11,250.0
T000633,U0123,P005,29.89,Debit Card,2025-02-23,Aarohi Roy,43.0,Male,Bhopal,2023-04-06,Books,1178.99,36.0
T000634,U0023,P047,34.44,Credit Card,2023-07-31,Myra Reddy,32.0,Female,Ahmedabad,2022-09-10,Electronics,1846.57,300.0
T000635,U0081,P024,53.47,UPI,2023-10-08,Vivaan Gupta,30.0,Other,Indore,2024-04-29,Home,2509.0,267.0
T000636,U0098,P050,62.84,Debit Card,2023-10-20,Ishaan Iyer,34.0,Other,Jaipur,2022-02-09,Toys,2833.37,45.0
T000637,U0018,P034,138.42,Cash,2023-01-18,Sai Iyer,34.0,Female,Nagpur,2022-10-04,Books,474.01,362.0
T000638,U0157,P042,29.99,Debit Card,2025-06-20,Aarohi Joshi,46.0,Female,Indore,2024-04-25,Home,4406.39,59.0
T000639,U0090,P047,98.55,Debit Card,2023-11-07,Sai Iyer,36.0,Male,Indore,2022-01-26,Electronics,1846.57,300.0
T000640,U0106,P040,48.02,Wallet,2025-06-25,Aadhya Singh,35.0,Other,Ahmedabad,2022-07-16,Grocery,4011.76,36.0
T000641,U0056,P006,53.0,Credit Card,2023-10-14,Aarohi Patel,39.0,Male,Vadodara,2024-05-06,Clothing,3250.7,467.0
T000642,U0193,P008,81.85,Cash,2025-02-25,Ishaan Chopra,33.0,Other,Chennai,2023-03-12,Books,4406.39,161.0
T000643,U0090,P028,27.84,UPI,2023-10-14,Sai Iyer,36.0,Male,Indore,2022-01-26,Home,3602.11,250.0
T000644,U0064,P018,68.68,Wallet,2023-06-22,Ira Amin,22.0,Male,Delhi,2024-09-10,Electronics,2390.82,158.0
T000645,U0064,P036,60.33,Cash,2024-08-06,Ira Amin,22.0,Male,Delhi,2024-09-10,Sports,1650.69,388.0
T000646,U0200,P045,73.37,Credit Card,2024-09-09,Kiara Nair,22.0,Other,Jaipur,2022-01-27,Grocery,992.11,139.0
T000647,U0053,P034,64.94,Cash,2024-01-22,Anaya Patel,26.0,Male,Chennai,2022-07-14,Books,474.01,362.0
T000648,U0192,P026,154.71,UPI,2023-04-22,Kabir Roy,38.0,Male,Kolkata,2024-08-04,Beauty,3490.97,332.0
T000649,U0062,P032,37.24,Net Banking,2023-08-19,Muhammad Verma,30.0,Other,Vadodara,2022-03-04,Books,2913.02,176.0
T000650,U0062,P032,39.7,Wallet,2023-05-26,Muhammad Verma,30.0,Other,Vadodara,2022-03-04,Books,2913.02,176.0
T000651,U0136,P001,37.57,UPI,2024-10-10,Anaya Bose,44.0,Other,Pune,2024-05-10,Grocery,393.65,371.0
T000652,U0034,P025,39.12,Cash,2025-05-11,Vihaan Singh,23.0,Other,Visakhapatnam,2023-09-16,Electronics,1408.97,272.0
T000653,U0094,P035,37.25,Wallet,2023-12-20,Kabir Ghosh,29.0,Male,Mumbai,2023-11-07,Sports,2998.97,82.0
T000654,U0196,P031,111.43,Credit Card,2023-02-04,Kabir Kulkarni,35.0,Other,Patna,2024-08-01,Grocery,3035.94,111.0
T000655,U0151,P005,128.03,Credit Card,2024-06-20,Kabir Kulkarni,34.0,Male,Patna,2024-03-12,Books,1178.99,36.0
T000656,U0056,P003,38.77,Credit Card,2025-03-26,Aarohi Patel,39.0,Male,Vadodara,2024-05-06,Beauty,3027.98,127.0
T000657,U0130,P019,33.13,Wallet,2025-10-23,Anaya Kapoor,27.0,Female,Indore,2022-03-05,Home,523.79,441.0
T000658,U0197,P027,72.45,Net Banking,2025-04-03,Kabir Roy,24.0,Male,Thane,2023-12-07,Toys,2241.45,134.0
T000659,U0022,P041,39.2,Cash,2023-11-09,Anaya Das,30.0,Other,Bhopal,2023-02-10,Home,3218.83,273.0
T000660,U0072,P006,79.82,UPI,2023-06-11,Myra Kulkarni,44.0,Other,Hyderabad,2022-03-17,Clothing,3250.7,467.0
T000661,U0131,P014,61.67,Debit Card,2024-10-31,Muhammad Mukherjee,19.0,Female,Patna,2024-08-26,Beauty,3844.95,467.0
T000662,U0101,P038,21.99,Wallet,2023-05-16,Aadhya Chopra,20.0,Male,Jaipur,2022-02-15,Home,393.65,58.0
T000663,U0080,P045,138.17,Net Banking,2024-05-03,Ishaan Amin,18.0,Female,Jaipur,2024-07-16,Grocery,992.11,139.0
T000664,U0015,P016,154.71,Credit Card,2025-06-08,Vihaan Bose,18.0,Female,Thane,2023-10-13,Books,807.27,58.0
T000665,U0030,P030,37.8,Cash,2023-04-23,Aarohi Sharma,29.0,Other,Hyderabad,2023-11-30,Home,685.55,36.0
T000666,U0080,P043,43.27,Wallet,2023-12-26,Ishaan Amin,18.0,Female,Jaipur,2024-07-16,Home,3416.65,309.0
T000667,U0031,P001,64.81,Wallet,2023-10-09,Aarohi Khan,27.0,Other,Lucknow,2022-04-25,Grocery,393.65,371.0
T000668,U0180,P001,66.73,Debit Card,2025-10-13,Reyansh Verma,53.0,Female,Bhopal,2022-04-27,Grocery,393.65,371.0
T000669,U0089,P034,81.05,Cash,2024-06-14,Kiara Kulkarni,27.0,Other,Ahmedabad,2024-08-05,Books,474.01,362.0
T000670,U0043,P024,154.71,Debit Card,2024-07-04,Ira Roy,31.0,Male,Kolkata,2022-08-19,Home,2509.0,267.0
T000671,U0188,P008,49.1,Credit Card,2024-11-17,Muhammad Das,31.0,Female,Bengaluru,2022-06-10,Books,4406.39,161.0
T000672,U0110,P018,33.82,Cash,2023-05-11,Saanvi Kulkarni,31.0,Other,Lucknow,2023-04-22,Electronics,2390.82,158.0
T000673,U0068,P046,23.86,Cash,2023-06-07,Sara Gupta,40.0,Female,Patna,2023-08-02,Toys,4406.39,267.0
T000674,U0128,P030,35.21,Cash,2025-01-07,Arjun Reddy,27.0,Male,Nagpur,2023-12-12,Home,685.55,36.0
T000675,U0015,P032,53.52,Cash,2023-12-08,Vihaan Bose,18.0,Female,Thane,2023-10-13,Books,2913.02,176.0
T000676,U0095,P011,154.71,UPI,2023-07-30,Muhammad Bose,28.0,Female,Jaipur,2024-06-04,Electronics,1410.29,36.0
T000677,U0147,P044,40.02,Wallet,2023-08-25,Ishaan Mehta,22.0,Male,Ghaziabad,2023-09-14,Beauty,1655.45,268.0
T000678,U0059,P048,62.44,Cash,2023-01-06,Vivaan Iyer,34.0,Female,Mumbai,2023-02-04,Clothing,3666.72,295.0
T000679,U0012,P001,54.06,Debit Card,2023-04-05,Aarohi Singh,28.0,Other,Ghaziabad,2024-06-25,Grocery,393.65,371.0
T000680,U0121,P024,111.39,Net Banking,2023-11-04,Ira Kapoor,38.0,Other,Lucknow,2024-08-30,Home,2509.0,267.0
T000681,U0046,P003,154.71,Cash,2025-05-08,Vivaan Ghosh,26.0,Male,Delhi,2024-05-30,Beauty,3027.98,127.0
T000682,U0058,P021,39.71,Debit Card,2025-05-02,Meera Joshi,29.0,Male,Nagpur,2024-07-13,Books,3055.12,169.0
T000683,U0185,P021,40.7,UPI,2023-06-09,Ira Bose,30.0,Female,Thane,2022-11-01,Books,3055.12,169.0
T000684,U0147,P024,102.16,Credit Card,2025-10-25,Ishaan Mehta,22.0,Male,Ghaziabad,2023-09-14,Home,2509.0,267.0
T000685,U0173,P004,82.2,Debit Card,2024-04-02,Muhammad Joshi,31.0,Female,Patna,2024-09-27,Toys,2600.12,229.0
T000686,U0133,P003,154.71,Net Banking,2023-05-22,Diya Singh,23.0,Female,Indore,2023-07-06,Beauty,3027.98,127.0
T000687,U0120,P019,77.51,UPI,2024-11-01,Vihaan Roy,38.0,Male,Thane,2023-11-15,Home,523.79,441.0
T000688,U0023,P036,44.01,Net Banking,2023-01-17,Myra Reddy,32.0,Female,Ahmedabad,2022-09-10,Sports,1650.69,388.0
T000689,U0095,P013,77.82,UPI,2024-09-14,Muhammad Bose,28.0,Female,Jaipur,2024-06-04,Beauty,3354.37,155.0
T000690,U0190,P040,106.19,Debit Card,2025-08-08,Aarav Mukherjee,19.0,Female,Ghaziabad,2023-04-27,Grocery,4011.76,36.0
T000691,U0095,P038,89.33,Net Banking,2024-02-05,Muhammad Bose,28.0,Female,Jaipur,2024-06-04,Home,393.65,58.0
T000692,U0188,P035,74.02,Debit Card,2023-11-05,Muhammad Das,31.0,Female,Bengaluru,2022-06-10,Sports,2998.97,82.0
T000693,U0002,P027,103.54,Credit Card,2024-04-22,Sai Reddy,30.0,Other,Hyderabad,2023-11-24,Toys,2241.45,134.0
T000694,U0139,P023,110.12,Wallet,2023-01-20,Kiara Reddy,38.0,Female,Pune,2022-02-21,Books,1984.98,450.0
T000695,U0086,P001,125.12,Wallet,2025-02-09,Aarohi Reddy,27.0,Female,Ahmedabad,2022-02-12,Grocery,393.65,371.0
T000696,U0189,P047,80.58,UPI,2023-08-01,Sai Iyer,25.0,Other,Bengaluru,2022-06-10,Electronics,1846.57,300.0
T000697,U0053,P034,49.39,Debit Card,2025-05-09,Anaya Patel,26.0,Male,Chennai,2022-07-14,Books,474.01,362.0
T000698,U0126,P004,59.62,Debit Card,2024-07-27,Myra Gupta,49.0,Other,Surat,2022-08-29,Toys,2600.12,229.0
T000699,U0024,P003,112.61,Debit Card,2025-04-25,Aarohi Kapoor,20.0,Female,Patna,2023-03-15,Beauty,3027.98,127.0
T000700,U0180,P024,33.44,Net Banking,2023-06-23,Reyansh Verma,53.0,Female,Bhopal,2022-04-27,Home,2509.0,267.0
T000701,U0149,P007,68.12,Cash,2023-10-01,Aarav Singh,36.0,Other,Nagpur,2023-02-11,Books,2084.59,134.0
T000702,U0164,P026,43.12,Credit Card,2023-05-08,Muhammad Gupta,25.0,Male,Indore,2023-05-16,Beauty,3490.97,332.0
T000703,U0112,P043,55.55,Debit Card,2024-04-29,Meera Iyer,31.0,Other,Bengaluru,2022-10-18,Home,3416.65,309.0
T000704,U0075,P017,117.57,UPI,2025-03-15,Reyansh Roy,18.0,Other,Surat,2023-09-19,Beauty,3697.53,235.0
T000705,U0180,P048,61.23,UPI,2024-10-13,Reyansh Verma,53.0,Female,Bhopal,2022-04-27,Clothing,3666.72,295.0
T000706,U0116,P018,56.14,Debit Card,2023-06-02,Aditya Roy,34.0,Female,Patna,2022-07-19,Electronics,2390.82,158.0
T000707,U0052,P009,24.15,Cash,2023-08-12,Vivaan Patel,28.0,Male,Nagpur,2024-01-16,Clothing,1799.44,163.0
T000708,U0040,P007,85.43,Debit Card,2025-07-09,Meera Kapoor,33.0,Male,Jaipur,2023-06-25,Books,2084.59,134.0
T000709,U0120,P021,80.42,Net Banking,2023-09-05,Vihaan Roy,38.0,Male,Thane,2023-11-15,Books,3055.12,169.0
T000710,U0138,P023,154.71,Debit Card,2025-07-14,Aadhya Chopra,29.0,Other,Mumbai,2022-03-27,Books,1984.98,450.0
T000711,U0079,P030,45.39,UPI,2023-09-03,Sara Das,32.0,Other,Lucknow,2022-07-28,Home,685.55,36.0
T000712,U0024,P011,62.27,Wallet,2024-09-15,Aarohi Kapoor,20.0,Female,Patna,2023-03-15,Electronics,1410.29,36.0
T000713,U0181,P045,63.41,Cash,2023-03-24,Aditya Bose,37.0,Female,Bengaluru,2023-08-14,Grocery,992.11,139.0
T000714,U0056,P021,140.68,Debit Card,2023-07-06,Aarohi Patel,39.0,Male,Vadodara,2024-05-06,Books,3055.12,169.0
T000715,U0183,P016,51.56,UPI,2025-03-22,Kabir Gupta,23.0,Male,Hyderabad,2023-07-26,Books,807.27,58.0
T000716,U0132,P004,64.55,Wallet,2024-09-04,Aarav Chopra,32.0,Female,Bhopal,2022-01-07,Toys,2600.12,229.0
T000717,U0067,P012,78.63,Credit Card,2025-04-08,Saanvi Ghosh,31.0,Other,Ghaziabad,2022-02-10,Sports,4263.31,176.0
T000718,U0116,P036,61.07,Wallet,2024-05-26,Aditya Roy,34.0,Female,Patna,2022-07-19,Sports,1650.69,388.0
T000719,U0025,P030,41.77,Credit Card,2023-10-14,Saanvi Bose,27.0,Female,Kolkata,2022-05-22,Home,685.55,36.0
T000720,U0032,P001,61.34,Credit Card,2024-03-31,Kabir Mukherjee,46.0,Male,Thane,2022-01-04,Grocery,393.65,371.0
T000721,U0034,P013,103.98,Net Banking,2025-02-01,Vihaan Singh,23.0,Other,Visakhapatnam,2023-09-16,Beauty,3354.37,155.0
T000722,U0176,P041,29.49,Wallet,2023-06-22,Kabir Sharma,38.0,Other,Vadodara,2022-05-10,Home,3218.83,273.0
T000723,U0150,P038,59.13,UPI,2023-06-03,Muhammad Gupta,34.0,Other,Kolkata,2022-04-15,Home,393.65,58.0
T000724,U0006,P005,35.87,Debit Card,2025-06-27,Aarohi Mukherjee,30.0,Male,Thane,2023-08-27,Books,1178.99,36.0
T000725,U0033,P006,111.84,UPI,2023-09-08,Ishaan Amin,31.0,Male,Visakhapatnam,2024-07-23,Clothing,3250.7,467.0
T000726,U0011,P030,21.89,Credit Card,2023-12-11,Myra Kapoor,28.0,Male,Nagpur,2022-03-22,Home,685.55,36.0
T000727,U0147,P028,39.04,Wallet,2025-03-19,Ishaan Mehta,22.0,Male,Ghaziabad,2023-09-14,Home,3602.11,250.0
T000728,U0128,P002,68.47,Net Banking,2025-05-23,Arjun Reddy,27.0,Male,Nagpur,2023-12-12,Grocery,605.91,150.0
T000729,U0045,P023,139.67,Debit Card,2024-01-19,Sai Chopra,20.0,Male,Mumbai,2022-03-14,Books,1984.98,450.0
T000730,U0071,P018,52.49,Net Banking,2023-11-01,Kabir Roy,34.0,Female,Bengaluru,2022-01-10,Electronics,2390.82,158.0
T000731,U0009,P040,39.13,Cash,2024-05-18,Aditya Bose,28.0,Male,Kanpur,2024-05-17,Grocery,4011.76,36.0
T000732,U0166,P019,154.71,Net Banking,2025-04-23,Meera Roy,35.0,Male,Bengaluru,2022-10-29,Home,523.79,441.0
T000733,U0141,P031,22.9,Credit Card,2023-06-29,Anaya Nair,33.0,Female,Jaipur,2024-02-10,Grocery,3035.94,111.0
T000734,U0072,P025,21.28,Debit Card,2025-05-08,Myra Kulkarni,44.0,Other,Hyderabad,2022-03-17,Electronics,1408.97,272.0
T000735,U0052,P042,71.09,Cash,2024-05-25,Vivaan Patel,28.0,Male,Nagpur,2024-01-16,Home,4406.39,59.0
T000736,U0162,P035,40.4,Credit Card,2025-02-22,Muhammad Mehta,38.0,Female,Lucknow,2022-10-14,Sports,2998.97,82.0
T000737,U0183,P023,29.58,Net Banking,2025-09-19,Kabir Gupta,23.0,Male,Hyderabad,2023-07-26,Books,1984.98,450.0
T000738,U0089,P037,83.51,Cash,2024-10-20,Kiara Kulkarni,27.0,Other,Ahmedabad,2024-08-05,Clothing,1750.62,467.0
T000739,U0100,P018,63.2,Debit Card,2023-02-23,Anaya Mukherjee,30.0,Other,Visakhapatnam,2022-04-29,Electronics,2390.82,158.0
T000740,U0082,P039,38.92,Debit Card,2023-03-02,Ishaan Verma,34.0,Male,Lucknow,2024-02-29,Grocery,4167.72,453.0
T000741,U0200,P018,25.33,Credit Card,2025-08-24,Kiara Nair,22.0,Other,Jaipur,2022-01-27,Electronics,2390.82,158.0
T000742,U0136,P023,92.16,Cash,2024-04-21,Anaya Bose,44.0,Other,Pune,2024-05-10,Books,1984.98,450.0
T000743,U0041,P007,80.65,Debit Card,2024-05-08,Sara Mukherjee,37.0,Male,Vadodara,2024-02-13,Books,2084.59,134.0
T000744,U0069,P035,51.44,Wallet,2023-04-25,Ira Nair,34.0,Female,Chennai,2023-11-17,Sports,2998.97,82.0
T000745,U0196,P015,154.71,Cash,2025-03-06,Kabir Kulkarni,35.0,Other,Patna,2024-08-01,Books,2286.25,251.0
T000746,U0091,P012,28.73,Debit Card,2024-04-29,Reyansh Nair,32.0,Female,Kolkata,2022-10-01,Sports,4263.31,176.0
T000747,U0152,P021,21.86,Wallet,2025-01-04,Vivaan Mehta,34.0,Other,Indore,2023-11-09,Books,3055.12,169.0
T000748,U0152,P002,36.05,Wallet,2024-12-21,Vivaan Mehta,34.0,Other,Indore,2023-11-09,Grocery,605.91,150.0
T000749,U0146,P037,53.13,Debit Card,2024-01-21,Meera Patel,38.0,Other,Chennai,2023-04-22,Clothing,1750.62,467.0
T000750,U0127,P035,63.18,UPI,2023-12-26,Ishaan Nair,24.0,Female,Vadodara,2022-03-24,Sports,2998.97,82.0
T000751,U0126,P003,47.24,Credit Card,2023-04-26,Myra Gupta,49.0,Other,Surat,2022-08-29,Beauty,3027.98,127.0
T000752,U0060,P039,67.44,Debit Card,2023-02-10,Ishaan Roy,39.0,Female,Indore,2023-12-15,Grocery,4167.72,453.0
T000753,U0135,P031,25.77,Credit Card,2024-11-10,Ishaan Mukherjee,24.0,Female,Mumbai,2023-02-03,Grocery,3035.94,111.0
T000754,U0158,P013,129.83,Debit Card,2024-11-28,Saanvi Khan,35.0,Female,Kolkata,2024-04-30,Beauty,3354.37,155.0
T000755,U0184,P012,51.97,UPI,2023-05-02,Kiara Kulkarni,35.0,Other,Ghaziabad,2022-08-20,Sports,4263.31,176.0
T000756,U0006,P010,106.74,Cash,2023-10-18,Aarohi Mukherjee,30.0,Male,Thane,2023-08-27,Sports,1315.44,77.0
T000757,U0199,P008,67.06,Cash,2025-01-17,Meera Roy,32.0,Male,Ghaziabad,2022-02-10,Books,4406.39,161.0
T000758,U0019,P024,71.81,Wallet,2025-03-21,Aarohi Ghosh,24.0,Other,Lucknow,2024-05-13,Home,2509.0,267.0
T000759,U0151,P007,76.85,UPI,2024-09-10,Kabir Kulkarni,34.0,Male,Patna,2024-03-12,Books,2084.59,134.0
T000760,U0083,P009,71.42,Debit Card,2025-06-13,Arjun Khan,43.0,Male,Thane,2023-07-19,Clothing,1799.44,163.0
T000761,U0164,P032,80.29,Wallet,2024-10-11,Muhammad Gupta,25.0,Male,Indore,2023-05-16,Books,2913.02,176.0
T000762,U0045,P046,121.21,Cash,2024-12-31,Sai Chopra,20.0,Male,Mumbai,2022-03-14,Toys,4406.39,267.0
T000763,U0058,P043,61.43,Cash,2023-12-26,Meera Joshi,29.0,Male,Nagpur,2024-07-13,Home,3416.65,309.0
T000764,U0097,P020,83.55,Wallet,2024-08-26,Aarohi Nair,34.0,Male,Hyderabad,2024-06-17,Toys,1595.75,428.0
T000765,U0033,P012,51.74,Wallet,2023-01-04,Ishaan Amin,31.0,Male,Visakhapatnam,2024-07-23,Sports,4263.31,176.0
T000766,U0180,P037,129.55,Net Banking,2023-03-08,Reyansh Verma,53.0,Female,Bhopal,2022-04-27,Clothing,1750.62,467.0
T000767,U0047,P039,36.39,UPI,2024-03-28,Anaya Gupta,28.0,Other,Kolkata,2022-10-13,Grocery,4167.72,453.0
T000768,U0164,P037,154.71,Credit Card,2025-10-13,Muhammad Gupta,25.0,Male,Indore,2023-05-16,Clothing,1750.62,467.0
T000769,U0037,P022,53.3,Wallet,2023-06-09,Aarav Patel,33.0,Female,Surat,2022-09-03,Electronics,3207.91,466.0
T000770,U0061,P023,23.14,UPI,2023-12-10,Aarohi Joshi,28.0,Male,Chennai,2022-10-31,Books,1984.98,450.0
T000771,U0163,P006,58.96,Wallet,2024-11-18,Sara Khan,41.0,Other,Mumbai,2023-06-14,Clothing,3250.7,467.0
T000772,U0115,P001,36.28,UPI,2024-03-05,Aarav Verma,30.0,Male,Bhopal,2023-09-18,Grocery,393.65,371.0
T000773,U0064,P045,90.41,Credit Card,2024-12-18,Ira Amin,22.0,Male,Delhi,2024-09-10,Grocery,992.11,139.0
T000774,U0066,P007,36.91,Wallet,2023-01-03,Aditya Ghosh,42.0,Female,Hyderabad,2024-08-22,Books,2084.59,134.0
T000775,U0013,P025,41.77,Net Banking,2025-05-09,Diya Chopra,33.0,Male,Bengaluru,2022-02-16,Electronics,1408.97,272.0
T000776,U0043,P027,21.28,Net Banking,2025-02-14,Ira Roy,31.0,Male,Kolkata,2022-08-19,Toys,2241.45,134.0
T000777,U0090,P035,41.62,Net Banking,2023-07-27,Sai Iyer,36.0,Male,Indore,2022-01-26,Sports,2998.97,82.0
T000778,U0123,P037,21.28,Wallet,2024-04-06,Aarohi Roy,43.0,Male,Bhopal,2023-04-06,Clothing,1750.62,467.0
T000779,U0042,P029,21.28,Credit Card,2023-03-10,Muhammad Singh,33.0,Female,Kanpur,2023-03-25,Clothing,393.65,289.0
T000780,U0076,P002,86.16,UPI,2024-06-18,Ira Sharma,38.0,Other,Vadodara,2022-11-03,Grocery,605.91,150.0
T000781,U0027,P005,87.49,UPI,2023-12-15,Vihaan Reddy,22.0,Other,Pune,2024-03-22,Books,1178.99,36.0
T000782,U0097,P011,70.48,Wallet,2023-06-03,Aarohi Nair,34.0,Male,Hyderabad,2024-06-17,Electronics,1410.29,36.0
T000783,U0141,P006,30.56,UPI,2025-09-15,Anaya Nair,33.0,Female,Jaipur,2024-02-10,Clothing,3250.7,467.0
T000784,U0181,P002,53.06,Net Banking,2023-12-04,Aditya Bose,37.0,Female,Bengaluru,2023-08-14,Grocery,605.91,150.0
T000785,U0156,P028,54.48,Debit Card,2023-04-20,Reyansh Amin,26.0,Other,Jaipur,2023-09-23,Home,3602.11,250.0
T000786,U0026,P022,27.25,Debit Card,2024-01-25,Ira Joshi,32.0,Male,Delhi,2024-05-31,Electronics,3207.91,466.0
T000787,U0105,P045,134.56,Cash,2024-06-27,Kabir Amin,30.0,Female,Indore,2022-12-01,Grocery,992.11,139.0
T000788,U0170,P019,92.43,UPI,2024-05-01,Diya Roy,25.0,Female,Surat,2022-09-15,Home,523.79,441.0
T000789,U0025,P004,47.82,Net Banking,2025-10-02,Saanvi Bose,27.0,Female,Kolkata,2022-05-22,Toys,2600.12,229.0
T000790,U0040,P004,55.49,UPI,2023-01-08,Meera Kapoor,33.0,Male,Jaipur,2023-06-25,Toys,2600.12,229.0
T000791,U0110,P006,61.87,UPI,2025-09-10,Saanvi Kulkarni,31.0,Other,Lucknow,2023-04-22,Clothing,3250.7,467.0
T000792,U0052,P007,21.28,Credit Card,2024-02-28,Vivaan Patel,28.0,Male,Nagpur,2024-01-16,Books,2084.59,134.0
T000793,U0044,P041,47.07,UPI,2023-06-17,Aditya Nair,29.0,Male,Patna,2023-07-22,Home,3218.83,273.0
T000794,U0122,P008,36.26,UPI,2025-03-25,Myra Kulkarni,24.0,Other,Visakhapatnam,2023-03-13,Books,4406.39,161.0
T000795,U0121,P032,29.93,Wallet,2024-06-26,Ira Kapoor,38.0,Other,Lucknow,2024-08-30,Books,2913.02,176.0
T000796,U0024,P042,46.12,Cash,2025-03-04,Aarohi Kapoor,20.0,Female,Patna,2023-03-15,Home,4406.39,59.0
T000797,U0048,P024,154.71,Net Banking,2025-01-26,Meera Das,40.0,Other,Ahmedabad,2024-01-11,Home,2509.0,267.0
T000798,U0048,P029,80.2,Credit Card,2024-06-23,Meera Das,40.0,Other,Ahmedabad,2024-01-11,Clothing,393.65,289.0
T000799,U0113,P030,38.76,UPI,2024-04-08,Ira Kulkarni,32.0,Female,Bengaluru,2024-04-18,Home,685.55,36.0
T000800,U0069,P037,76.98,Credit Card,2023-11-06,Ira Nair,34.0,Female,Chennai,2023-11-17,Clothing,1750.62,467.0
T000801,U0193,P045,126.42,Wallet,2023-07-18,Ishaan Chopra,33.0,Other,Chennai,2023-03-12,Grocery,992.11,139.0
T000802,U0022,P043,95.09,UPI,2025-04-27,Anaya Das,30.0,Other,Bhopal,2023-02-10,Home,3416.65,309.0
T000803,U0194,P038,56.59,Debit Card,2023-05-05,Vihaan Kapoor,22.0,Male,Ahmedabad,2024-07-19,Home,393.65,58.0
T000804,U0100,P034,37.03,Net Banking,2025-08-30,Anaya Mukherjee,30.0,Other,Visakhapatnam,2022-04-29,Books,474.01,362.0
T000805,U0147,P016,83.01,Net Banking,2024-09-04,Ishaan Mehta,22.0,Male,Ghaziabad,2023-09-14,Books,807.27,58.0
T000806,U0021,P026,69.14,Wallet,2023-03-13,Ishaan Gupta,43.0,Male,Patna,2024-06-16,Beauty,3490.97,332.0
T000807,U0129,P037,93.42,Cash,2023-10-29,Arjun Das,32.0,Male,Indore,2023-02-22,Clothing,1750.62,467.0
T000808,U0031,P049,79.93,Net Banking,2023-12-21,Aarohi Khan,27.0,Other,Lucknow,2022-04-25,Home,1701.17,159.0
T000809,U0043,P014,102.49,Debit Card,2023-09-16,Ira Roy,31.0,Male,Kolkata,2022-08-19,Beauty,3844.95,467.0
T000810,U0011,P028,39.6,Credit Card,2025-06-10,Myra Kapoor,28.0,Male,Nagpur,2022-03-22,Home,3602.11,250.0
T000811,U0052,P041,120.35,Debit Card,2024-06-12,Vivaan Patel,28.0,Male,Nagpur,2024-01-16,Home,3218.83,273.0
T000812,U0082,P047,61.47,Credit Card,2023-06-28,Ishaan Verma,34.0,Male,Lucknow,2024-02-29,Electronics,1846.57,300.0
T000813,U0100,P036,154.71,Net Banking,2024-10-29,Anaya Mukherjee,30.0,Other,Visakhapatnam,2022-04-29,Sports,1650.69,388.0
T000814,U0071,P034,36.11,Net Banking,2023-01-26,Kabir Roy,34.0,Female,Bengaluru,2022-01-10,Books,474.01,362.0
T000815,U0180,P040,154.71,Cash,2025-05-09,Reyansh Verma,53.0,Female,Bhopal,2022-04-27,Grocery,4011.76,36.0
T000816,U0029,P027,61.48,Debit Card,2023-10-31,Sara Roy,27.0,Other,Jaipur,2024-09-21,Toys,2241.45,134.0
T000817,U0146,P038,36.93,Cash,2023-07-25,Meera Patel,38.0,Other,Chennai,2023-04-22,Home,393.65,58.0
T000818,U0028,P037,40.84,Credit Card,2024-08-08,Kiara Kulkarni,35.0,Male,Nagpur,2023-01-26,Clothing,1750.62,467.0
T000819,U0138,P023,45.05,Net Banking,2024-06-24,Aadhya Chopra,29.0,Other,Mumbai,2022-03-27,Books,1984.98,450.0
T000820,U0099,P042,70.42,Net Banking,2025-08-26,Vihaan Kulkarni,32.0,Female,Kanpur,2024-01-17,Home,4406.39,59.0
T000821,U0010,P012,74.72,UPI,2025-04-05,Diya Kulkarni,36.0,Female,Delhi,2024-01-18,Sports,4263.31,176.0
T000822,U0037,P040,38.7,Cash,2025-04-02,Aarav Patel,33.0,Female,Surat,2022-09-03,Grocery,4011.76,36.0
T000823,U0010,P026,53.81,UPI,2024-05-01,Diya Kulkarni,36.0,Female,Delhi,2024-01-18,Beauty,3490.97,332.0
T000824,U0013,P048,154.71,Net Banking,2024-07-04,Diya Chopra,33.0,Male,Bengaluru,2022-02-16,Clothing,3666.72,295.0
T000825,U0096,P002,153.93,UPI,2024-09-12,Aditya Khan,20.0,Female,Visakhapatnam,2023-02-14,Grocery,605.91,150.0
T000826,U0080,P018,70.94,Net Banking,2023-07-21,Ishaan Amin,18.0,Female,Jaipur,2024-07-16,Electronics,2390.82,158.0
T000827,U0059,P009,55.86,UPI,2025-06-26,Vivaan Iyer,34.0,Female,Mumbai,2023-02-04,Clothing,1799.44,163.0
T000828,U0199,P021,58.68,UPI,2025-05-03,Meera Roy,32.0,Male,Ghaziabad,2022-02-10,Books,3055.12,169.0
T000829,U0155,P042,78.89,Credit Card,2024-01-20,Diya Roy,34.0,Other,Ahmedabad,2023-03-22,Home,4406.39,59.0
T000830,U0114,P014,29.56,Net Banking,2025-09-19,Sai Singh,51.0,Male,Chennai,2022-05-31,Beauty,3844.95,467.0
T000831,U0195,P034,46.79,UPI,2023-04-26,Ishaan Reddy,33.0,Male,Delhi,2022-06-19,Books,474.01,362.0
T000832,U0132,P011,21.28,Credit Card,2024-09-29,Aarav Chopra,32.0,Female,Bhopal,2022-01-07,Electronics,1410.29,36.0
T000833,U0182,P033,69.38,Net Banking,2023-10-05,Vivaan Reddy,25.0,Male,Patna,2024-08-29,Clothing,3874.48,45.0
T000834,U0200,P034,80.5,Cash,2023-03-01,Kiara Nair,22.0,Other,Jaipur,2022-01-27,Books,474.01,362.0
T000835,U0045,P013,40.86,Debit Card,2023-04-29,Sai Chopra,20.0,Male,Mumbai,2022-03-14,Beauty,3354.37,155.0
T000836,U0064,P003,140.39,Net Banking,2023-04-14,Ira Amin,22.0,Male,Delhi,2024-09-10,Beauty,3027.98,127.0
T000837,U0093,P046,26.17,Debit Card,2024-07-15,Meera Ghosh,26.0,Male,Thane,2022-12-25,Toys,4406.39,267.0
T000838,U0095,P030,22.68,Cash,2025-03-23,Muhammad Bose,28.0,Female,Jaipur,2024-06-04,Home,685.55,36.0
T000839,U0163,P008,62.47,Wallet,2023-03-04,Sara Khan,41.0,Other,Mumbai,2023-06-14,Books,4406.39,161.0
T000840,U0062,P024,102.34,Net Banking,2025-07-02,Muhammad Verma,30.0,Other,Vadodara,2022-03-04,Home,2509.0,267.0
T000841,U0046,P031,149.96,Cash,2024-12-17,Vivaan Ghosh,26.0,Male,Delhi,2024-05-30,Grocery,3035.94,111.0
T000842,U0089,P011,41.46,UPI,2023-07-05,Kiara Kulkarni,27.0,Other,Ahmedabad,2024-08-05,Electronics,1410.29,36.0
T000843,U0073,P002,104.29,Net Banking,2023-04-12,Aarohi Das,31.0,Other,Jaipur,2022-05-16,Grocery,605.91,150.0
T000844,U0042,P037,53.35,Debit Card,2024-03-29,Muhammad Singh,33.0,Female,Kanpur,2023-03-25,Clothing,1750.62,467.0
T000845,U0166,P015,49.23,Wallet,2024-02-28,Meera Roy,35.0,Male,Bengaluru,2022-10-29,Books,2286.25,251.0
T000846,U0069,P042,92.78,Net Banking,2023-02-11,Ira Nair,34.0,Female,Chennai,2023-11-17,Home,4406.39,59.0
T000847,U0200,P050,80.75,Wallet,2023-01-19,Kiara Nair,22.0,Other,Jaipur,2022-01-27,Toys,2833.37,45.0
T000848,U0122,P009,21.28,Wallet,2023-12-21,Myra Kulkarni,24.0,Other,Visakhapatnam,2023-03-13,Clothing,1799.44,163.0
T000849,U0154,P001,132.41,Debit Card,2024-05-31,Kiara Joshi,33.0,Male,Indore,2024-09-10,Grocery,393.65,371.0
T000850,U0156,P020,124.97,Wallet,2024-07-17,Reyansh Amin,26.0,Other,Jaipur,2023-09-23,Toys,1595.75,428.0
T000851,U0109,P025,37.51,UPI,2025-07-29,Aarav Singh,34.0,Female,Chennai,2023-03-17,Electronics,1408.97,272.0
T000852,U0065,P014,69.23,Net Banking,2024-09-10,Ira Gupta,38.0,Male,Bengaluru,2023-09-02,Beauty,3844.95,467.0
T000853,U0174,P034,73.44,Cash,2025-03-24,Ira Kulkarni,34.0,Female,Hyderabad,2024-05-02,Books,474.01,362.0
T000854,U0150,P007,63.84,Credit Card,2025-02-05,Muhammad Gupta,34.0,Other,Kolkata,2022-04-15,Books,2084.59,134.0
T000855,U0144,P042,39.24,Cash,2024-08-01,Aditya Verma,33.0,Male,Kolkata,2022-07-24,Home,4406.39,59.0
T000856,U0077,P044,36.49,Credit Card,2025-09-13,Vihaan Reddy,32.0,Female,Hyderabad,2024-06-30,Beauty,1655.45,268.0
T000857,U0017,P022,53.77,UPI,2024-10-27,Ishaan Gupta,23.0,Other,Pune,2023-07-01,Electronics,3207.91,466.0
T000858,U0071,P017,110.35,Wallet,2024-09-03,Kabir Roy,34.0,Female,Bengaluru,2022-01-10,Beauty,3697.53,235.0
T000859,U0049,P010,75.65,Cash,2024-05-07,Saanvi Chopra,34.0,Female,Kolkata,2024-03-14,Sports,1315.44,77.0
T000860,U0015,P039,43.71,Net Banking,2024-10-16,Vihaan Bose,18.0,Female,Thane,2023-10-13,Grocery,4167.72,453.0
T000861,U0175,P009,86.75,Wallet,2023-02-22,Muhammad Singh,34.0,Male,Kanpur,2022-07-03,Clothing,1799.44,163.0
T000862,U0168,P032,21.28,UPI,2024-06-15,Saanvi Mehta,47.0,Female,Vadodara,2023-06-28,Books,2913.02,176.0
T000863,U0108,P026,108.77,Net Banking,2023-03-14,Saanvi Singh,33.0,Female,Vadodara,2024-05-03,Beauty,3490.97,332.0
T000864,U0150,P046,21.28,Cash,2024-01-24,Muhammad Gupta,34.0,Other,Kolkata,2022-04-15,Toys,4406.39,267.0
T000865,U0088,P047,43.93,Wallet,2024-03-31,Sai Patel,34.0,Female,Vadodara,2024-06-24,Electronics,1846.57,300.0
T000866,U0176,P035,27.89,Wallet,2025-09-01,Kabir Sharma,38.0,Other,Vadodara,2022-05-10,Sports,2998.97,82.0
T000867,U0172,P023,25.11,Cash,2024-09-06,Vihaan Kapoor,25.0,Other,Pune,2022-07-16,Books,1984.98,450.0
T000868,U0044,P043,109.56,Cash,2024-01-06,Aditya Nair,29.0,Male,Patna,2023-07-22,Home,3416.65,309.0
T000869,U0076,P007,41.24,Net Banking,2023-09-20,Ira Sharma,38.0,Other,Vadodara,2022-11-03,Books,2084.59,134.0
T000870,U0190,P017,67.22,Wallet,2024-01-10,Aarav Mukherjee,19.0,Female,Ghaziabad,2023-04-27,Beauty,3697.53,235.0
T000871,U0175,P022,53.08,Wallet,2023-07-02,Muhammad Singh,34.0,Male,Kanpur,2022-07-03,Electronics,3207.91,466.0
T000872,U0057,P023,72.69,Debit Card,2024-09-20,Aarav Gupta,25.0,Male,Pune,2023-02-21,Books,1984.98,450.0
T000873,U0108,P022,57.17,UPI,2024-06-17,Saanvi Singh,33.0,Female,Vadodara,2024-05-03,Electronics,3207.91,466.0
T000874,U0150,P019,25.28,Net Banking,2023-08-30,Muhammad Gupta,34.0,Other,Kolkata,2022-04-15,Home,523.79,441.0
T000875,U0121,P004,99.26,Wallet,2023-05-26,Ira Kapoor,38.0,Other,Lucknow,2024-08-30,Toys,2600.12,229.0
T000876,U0121,P013,40.6,Cash,2023-09-03,Ira Kapoor,38.0,Other,Lucknow,2024-08-30,Beauty,3354.37,155.0
T000877,U0175,P025,21.46,Cash,2024-09-03,Muhammad Singh,34.0,Male,Kanpur,2022-07-03,Electronics,1408.97,272.0
T000878,U0106,P004,42.23,Debit Card,2023-10-09,Aadhya Singh,35.0,Other,Ahmedabad,2022-07-16,Toys,2600.12,229.0
T000879,U0052,P022,134.35,Net Banking,2025-07-26,Vivaan Patel,28.0,Male,Nagpur,2024-01-16,Electronics,3207.91,466.0
T000880,U0037,P021,90.93,Wallet,2024-01-05,Aarav Patel,33.0,Female,Surat,2022-09-03,Books,3055.12,169.0
T000881,U0200,P006,44.29,Net Banking,2024-11-12,Kiara Nair,22.0,Other,Jaipur,2022-01-27,Clothing,3250.7,467.0
T000882,U0162,P012,44.28,UPI,2023-04-29,Muhammad Mehta,38.0,Female,Lucknow,2022-10-14,Sports,4263.31,176.0
T000883,U0002,P029,45.02,UPI,2024-03-04,Sai Reddy,30.0,Other,Hyderabad,2023-11-24,Clothing,393.65,289.0
T000884,U0195,P050,154.71,Debit Card,2023-11-21,Ishaan Reddy,33.0,Male,Delhi,2022-06-19,Toys,2833.37,45.0
T000885,U0126,P049,68.66,Credit Card,2023-09-23,Myra Gupta,49.0,Other,Surat,2022-08-29,Home,1701.17,159.0
T000886,U0158,P028,70.67,Wallet,2025-05-29,Saanvi Khan,35.0,Female,Kolkata,2024-04-30,Home,3602.11,250.0
T000887,U0104,P028,101.31,Net Banking,2025-02-24,Anaya Kulkarni,25.0,Female,Hyderabad,2024-01-08,Home,3602.11,250.0
T000888,U0002,P003,63.01,Cash,2024-02-13,Sai Reddy,30.0,Other,Hyderabad,2023-11-24,Beauty,3027.98,127.0
T000889,U0188,P024,46.74,Credit Card,2024-10-21,Muhammad Das,31.0,Female,Bengaluru,2022-06-10,Home,2509.0,267.0
T000890,U0194,P034,48.53,Debit Card,2023-02-06,Vihaan Kapoor,22.0,Male,Ahmedabad,2024-07-19,Books,474.01,362.0
T000891,U0174,P001,52.3,Wallet,2024-05-24,Ira Kulkarni,34.0,Female,Hyderabad,2024-05-02,Grocery,393.65,371.0
T000892,U0058,P045,53.39,UPI,2024-10-01,Meera Joshi,29.0,Male,Nagpur,2024-07-13,Grocery,992.11,139.0
T000893,U0034,P007,84.49,Net Banking,2025-10-27,Vihaan Singh,23.0,Other,Visakhapatnam,2023-09-16,Books,2084.59,134.0
T000894,U0151,P020,56.33,Debit Card,2023-05-14,Kabir Kulkarni,34.0,Male,Patna,2024-03-12,Toys,1595.75,428.0
T000895,U0012,P020,84.74,UPI,2025-07-22,Aarohi Singh,28.0,Other,Ghaziabad,2024-06-25,Toys,1595.75,428.0
T000896,U0187,P034,52.02,Cash,2024-11-22,Vivaan Kulkarni,35.0,Other,Hyderabad,2024-08-28,Books,474.01,362.0
T000897,U0112,P044,57.24,Debit Card,2024-12-02,Meera Iyer,31.0,Other,Bengaluru,2022-10-18,Beauty,1655.45,268.0
T000898,U0126,P023,21.28,Debit Card,2023-12-04,Myra Gupta,49.0,Other,Surat,2022-08-29,Books,1984.98,450.0
T000899,U0104,P002,94.61,Debit Card,2024-04-04,Anaya Kulkarni,25.0,Female,Hyderabad,2024-01-08,Grocery,605.91,150.0
T000900,U0187,P009,67.21,Debit Card,2023-02-14,Vivaan Kulkarni,35.0,Other,Hyderabad,2024-08-28,Clothing,1799.44,163.0
T000901,U0151,P033,99.37,Debit Card,2023-09-10,Kabir Kulkarni,34.0,Male,Patna,2024-03-12,Clothing,3874.48,45.0
T000902,U0094,P046,21.28,Wallet,2023-03-18,Kabir Ghosh,29.0,Male,Mumbai,2023-11-07,Toys,4406.39,267.0
T000903,U0097,P041,154.71,UPI,2023-04-10,Aarohi Nair,34.0,Male,Hyderabad,2024-06-17,Home,3218.83,273.0
T000904,U0153,P004,50.21,Wallet,2023-08-10,Diya Gupta,26.0,Other,Lucknow,2022-01-13,Toys,2600.12,229.0
T000905,U0168,P002,106.16,Credit Card,2023-08-26,Saanvi Mehta,47.0,Female,Vadodara,2023-06-28,Grocery,605.91,150.0
T000906,U0107,P029,29.26,Net Banking,2023-09-11,Kiara Bose,47.0,Other,Pune,2023-09-23,Clothing,393.65,289.0
T000907,U0141,P017,78.86,Net Banking,2023-11-10,Anaya Nair,33.0,Female,Jaipur,2024-02-10,Beauty,3697.53,235.0
T000908,U0053,P045,29.02,Wallet,2023-01-20,Anaya Patel,26.0,Male,Chennai,2022-07-14,Grocery,992.11,139.0
T000909,U0078,P027,37.55,Wallet,2023-07-26,Vihaan Kapoor,29.0,Male,Jaipur,2022-10-16,Toys,2241.45,134.0
T000910,U0170,P034,154.71,UPI,2023-10-08,Diya Roy,25.0,Female,Surat,2022-09-15,Books,474.01,362.0
T000911,U0108,P007,48.7,Cash,2023-08-30,Saanvi Singh,33.0,Female,Vadodara,2024-05-03,Books,2084.59,134.0
T000912,U0073,P008,62.21,Credit Card,2025-10-16,Aarohi Das,31.0,Other,Jaipur,2022-05-16,Books,4406.39,161.0
T000913,U0051,P039,92.02,Debit Card,2024-06-22,Kiara Mehta,34.0,Female,Indore,2023-04-24,Grocery,4167.72,453.0
T000914,U0134,P013,73.51,UPI,2025-04-19,Aarohi Kulkarni,35.0,Male,Bhopal,2022-08-13,Beauty,3354.37,155.0
T000915,U0076,P011,59.75,Credit Card,2025-10-13,Ira Sharma,38.0,Other,Vadodara,2022-11-03,Electronics,1410.29,36.0
T000916,U0054,P045,67.96,Net Banking,2024-11-08,Aarohi Roy,36.0,Male,Indore,2022-07-07,Grocery,992.11,139.0
T000917,U0061,P001,154.71,Credit Card,2023-07-02,Aarohi Joshi,28.0,Male,Chennai,2022-10-31,Grocery,393.65,371.0
T000918,U0029,P037,52.74,Wallet,2025-10-08,Sara Roy,27.0,Other,Jaipur,2024-09-21,Clothing,1750.62,467.0
T000919,U0039,P006,61.6,Cash,2023-06-03,Meera Gupta,21.0,Other,Ahmedabad,2022-05-12,Clothing,3250.7,467.0
T000920,U0186,P047,102.55,Credit Card,2024-06-08,Saanvi Mukherjee,37.0,Female,Patna,2023-09-28,Electronics,1846.57,300.0
T000921,U0165,P015,105.99,Net Banking,2024-08-29,Aarohi Ghosh,39.0,Other,Bhopal,2023-10-24,Books,2286.25,251.0
T000922,U0068,P030,111.3,Credit Card,2023-07-24,Sara Gupta,40.0,Female,Patna,2023-08-02,Home,685.55,36.0
T000923,U0045,P003,80.1,UPI,2025-01-07,Sai Chopra,20.0,Male,Mumbai,2022-03-14,Beauty,3027.98,127.0
T000924,U0174,P021,27.5,Net Banking,2023-08-26,Ira Kulkarni,34.0,Female,Hyderabad,2024-05-02,Books,3055.12,169.0
T000925,U0025,P049,145.48,Credit Card,2023-01-20,Saanvi Bose,27.0,Female,Kolkata,2022-05-22,Home,1701.17,159.0
T000926,U0036,P043,27.45,Wallet,2023-12-16,Ira Sharma,22.0,Other,Lucknow,2023-05-16,Home,3416.65,309.0
T000927,U0085,P023,65.47,Net Banking,2024-07-03,Arjun Kapoor,25.0,Male,Kanpur,2023-08-20,Books,1984.98,450.0
T000928,U0188,P006,34.72,UPI,2024-12-02,Muhammad Das,31.0,Female,Bengaluru,2022-06-10,Clothing,3250.7,467.0
T000929,U0047,P008,52.54,Net Banking,2025-03-30,Anaya Gupta,28.0,Other,Kolkata,2022-10-13,Books,4406.39,161.0
T000930,U0117,P018,66.5,Net Banking,2025-09-06,Aadhya Joshi,31.0,Female,Kolkata,2022-06-01,Electronics,2390.82,158.0
T000931,U0108,P042,66.21,Debit Card,2023-08-20,Saanvi Singh,33.0,Female,Vadodara,2024-05-03,Home,4406.39,59.0
T000932,U0034,P045,70.33,Wallet,2023-05-01,Vihaan Singh,23.0,Other,Visakhapatnam,2023-09-16,Grocery,992.11,139.0
T000933,U0041,P007,143.77,Net Banking,2025-09-15,Sara Mukherjee,37.0,Male,Vadodara,2024-02-13,Books,2084.59,134.0
T000934,U0146,P044,71.67,Net Banking,2024-01-07,Meera Patel,38.0,Other,Chennai,2023-04-22,Beauty,1655.45,268.0
T000935,U0157,P025,47.16,UPI,2023-03-01,Aarohi Joshi,46.0,Female,Indore,2024-04-25,Electronics,1408.97,272.0
T000936,U0176,P047,97.36,Debit Card,2025-09-16,Kabir Sharma,38.0,Other,Vadodara,2022-05-10,Electronics,1846.57,300.0
T000937,U0125,P008,111.46,Net Banking,2025-06-21,Ira Joshi,36.0,Other,Kolkata,2022-10-09,Books,4406.39,161.0
T000938,U0012,P005,26.14,UPI,2024-10-05,Aarohi Singh,28.0,Other,Ghaziabad,2024-06-25,Books,1178.99,36.0
T000939,U0004,P046,78.14,Wallet,2024-04-03,Aarav Gupta,44.0,Male,Kolkata,2023-06-02,Toys,4406.39,267.0
T000940,U0172,P022,83.15,Cash,2023-07-15,Vihaan Kapoor,25.0,Other,Pune,2022-07-16,Electronics,3207.91,466.0
T000941,U0111,P043,45.67,Wallet,2024-05-24,Myra Roy,18.0,Other,Chennai,2023-06-08,Home,3416.65,309.0
T000942,U0124,P023,124.64,Wallet,2025-02-27,Ishaan Ghosh,20.0,Other,Jaipur,2024-02-24,Books,1984.98,450.0
T000943,U0039,P036,49.9,Cash,2023-04-22,Meera Gupta,21.0,Other,Ahmedabad,2022-05-12,Sports,1650.69,388.0
T000944,U0003,P042,58.87,Debit Card,2025-11-01,Aarohi Gupta,37.0,Other,Indore,2022-02-02,Home,4406.39,59.0
T000945,U0121,P032,49.21,Debit Card,2023-06-03,Ira Kapoor,38.0,Other,Lucknow,2024-08-30,Books,2913.02,176.0
T000946,U0193,P032,55.11,UPI,2024-05-08,Ishaan Chopra,33.0,Other,Chennai,2023-03-12,Books,2913.02,176.0
T000947,U0085,P018,28.28,Credit Card,2024-04-01,Arjun Kapoor,25.0,Male,Kanpur,2023-08-20,Electronics,2390.82,158.0
T000948,U0141,P042,23.01,Net Banking,2025-04-05,Anaya Nair,33.0,Female,Jaipur,2024-02-10,Home,4406.39,59.0
T000949,U0061,P006,142.12,Net Banking,2025-06-28,Aarohi Joshi,28.0,Male,Chennai,2022-10-31,Clothing,3250.7,467.0
T000950,U0147,P029,32.85,Credit Card,2025-10-17,Ishaan Mehta,22.0,Male,Ghaziabad,2023-09-14,Clothing,393.65,289.0
T000951,U0115,P021,30.12,Credit Card,2025-10-15,Aarav Verma,30.0,Male,Bhopal,2023-09-18,Books,3055.12,169.0
T000952,U0191,P042,21.28,Credit Card,2023-07-30,Kabir Verma,28.0,Male,Surat,2023-12-25,Home,4406.39,59.0
T000953,U0104,P027,37.21,Credit Card,2023-01-01,Anaya Kulkarni,25.0,Female,Hyderabad,2024-01-08,Toys,2241.45,134.0
T000954,U0024,P039,24.68,Cash,2024-09-15,Aarohi Kapoor,20.0,Female,Patna,2023-03-15,Grocery,4167.72,453.0
T000955,U0131,P036,146.23,Debit Card,2025-07-23,Muhammad Mukherjee,19.0,Female,Patna,2024-08-26,Sports,1650.69,388.0
T000956,U0088,P024,100.07,Credit Card,2024-04-01,Sai Patel,34.0,Female,Vadodara,2024-06-24,Home,2509.0,267.0
T000957,U0117,P022,36.13,Cash,2025-08-26,Aadhya Joshi,31.0,Female,Kolkata,2022-06-01,Electronics,3207.91,466.0
T000958,U0184,P043,154.71,UPI,2025-07-15,Kiara Kulkarni,35.0,Other,Ghaziabad,2022-08-20,Home,3416.65,309.0
T000959,U0030,P007,98.4,Wallet,2024-03-30,Aarohi Sharma,29.0,Other,Hyderabad,2023-11-30,Books,2084.59,134.0
T000960,U0001,P022,44.93,UPI,2024-08-20,Vihaan Sharma,35.0,Other,Jaipur,2022-09-08,Electronics,3207.91,466.0
T000961,U0141,P034,21.28,UPI,2023-08-06,Anaya Nair,33.0,Female,Jaipur,2024-02-10,Books,474.01,362.0
T000962,U0012,P011,154.71,Net Banking,2023-10-15,Aarohi Singh,28.0,Other,Ghaziabad,2024-06-25,Electronics,1410.29,36.0
T000963,U0184,P048,23.72,Wallet,2025-04-18,Kiara Kulkarni,35.0,Other,Ghaziabad,2022-08-20,Clothing,3666.72,295.0
T000964,U0028,P017,21.28,Cash,2024-02-06,Kiara Kulkarni,35.0,Male,Nagpur,2023-01-26,Beauty,3697.53,235.0
T000965,U0049,P008,100.84,Net Banking,2024-03-17,Saanvi Chopra,34.0,Female,Kolkata,2024-03-14,Books,4406.39,161.0
T000966,U0118,P013,154.71,Wallet,2024-11-23,Aarav Patel,22.0,Female,Kolkata,2022-06-30,Beauty,3354.37,155.0
T000967,U0028,P049,125.28,Net Banking,2023-04-06,Kiara Kulkarni,35.0,Male,Nagpur,2023-01-26,Home,1701.17,159.0
T000968,U0163,P044,76.58,Cash,2023-09-10,Sara Khan,41.0,Other,Mumbai,2023-06-14,Beauty,1655.45,268.0
T000969,U0198,P029,78.01,Net Banking,2025-10-29,Kabir Bose,33.0,Female,Visakhapatnam,2023-07-07,Clothing,393.65,289.0
T000970,U0035,P032,91.11,Credit Card,2023-04-10,Muhammad Reddy,38.0,Female,Pune,2023-07-07,Books,2913.02,176.0
T000971,U0142,P028,86.09,Cash,2025-09-16,Kiara Khan,42.0,Male,Bhopal,2022-01-20,Home,3602.11,250.0
T000972,U0131,P050,64.63,Debit Card,2023-12-22,Muhammad Mukherjee,19.0,Female,Patna,2024-08-26,Toys,2833.37,45.0
T000973,U0188,P009,58.12,Credit Card,2025-03-04,Muhammad Das,31.0,Female,Bengaluru,2022-06-10,Clothing,1799.44,163.0
T000974,U0169,P039,52.59,Cash,2024-10-21,Diya Mukherjee,30.0,Other,Vadodara,2022-12-05,Grocery,4167.72,453.0
T000975,U0130,P025,34.73,Net Banking,2024-05-23,Anaya Kapoor,27.0,Female,Indore,2022-03-05,Electronics,1408.97,272.0
T000976,U0071,P026,46.14,UPI,2024-08-25,Kabir Roy,34.0,Female,Bengaluru,2022-01-10,Beauty,3490.97,332.0
T000977,U0116,P009,21.28,Debit Card,2025-04-25,Aditya Roy,34.0,Female,Patna,2022-07-19,Clothing,1799.44,163.0
T000978,U0155,P045,51.47,Wallet,2024-09-04,Diya Roy,34.0,Other,Ahmedabad,2023-03-22,Grocery,992.11,139.0
T000979,U0180,P036,30.17,UPI,2024-03-21,Reyansh Verma,53.0,Female,Bhopal,2022-04-27,Sports,1650.69,388.0
T000980,U0052,P014,28.16,Cash,2024-08-18,Vivaan Patel,28.0,Male,Nagpur,2024-01-16,Beauty,3844.95,467.0
T000981,U0176,P023,60.82,Wallet,2023-09-29,Kabir Sharma,38.0,Other,Vadodara,2022-05-10,Books,1984.98,450.0
T000982,U0182,P042,125.86,Debit Card,2025-10-28,Vivaan Reddy,25.0,Male,Patna,2024-08-29,Home,4406.39,59.0
T000983,U0139,P045,94.73,Wallet,2024-10-22,Kiara Reddy,38.0,Female,Pune,2022-02-21,Grocery,992.11,139.0
T000984,U0182,P008,21.28,UPI,2025-09-10,Vivaan Reddy,25.0,Male,Patna,2024-08-29,Books,4406.39,161.0
T000985,U0150,P037,30.15,Wallet,2025-05-04,Muhammad Gupta,34.0,Other,Kolkata,2022-04-15,Clothing,1750.62,467.0
T000986,U0173,P048,96.01,Cash,2024-08-08,Muhammad Joshi,31.0,Female,Patna,2024-09-27,Clothing,3666.72,295.0
T000987,U0109,P001,30.28,Cash,2023-08-07,Aarav Singh,34.0,Female,Chennai,2023-03-17,Grocery,393.65,371.0
T000988,U0007,P025,47.71,Debit Card,2023-04-19,Ishaan Sharma,44.0,Male,Indore,2022-12-15,Electronics,1408.97,272.0
T000989,U0172,P004,75.95,Debit Card,2024-06-30,Vihaan Kapoor,25.0,Other,Pune,2022-07-16,Toys,2600.12,229.0
T000990,U0193,P011,30.54,UPI,2024-05-28,Ishaan Chopra,33.0,Other,Chennai,2023-03-12,Electronics,1410.29,36.0
T000991,U0038,P004,58.16,Wallet,2024-08-27,Vivaan Ghosh,18.0,Other,Bengaluru,2022-03-29,Toys,2600.12,229.0
T000992,U0053,P049,24.52,Cash,2023-03-08,Anaya Patel,26.0,Male,Chennai,2022-07-14,Home,1701.17,159.0
T000993,U0092,P029,38.06,Credit Card,2024-04-04,Reyansh Patel,39.0,Female,Delhi,2024-05-29,Clothing,393.65,289.0
T000994,U0191,P042,66.15,Cash,2025-03-07,Kabir Verma,28.0,Male,Surat,2023-12-25,Home,4406.39,59.0
T000995,U0061,P033,21.28,Wallet,2024-08-12,Aarohi Joshi,28.0,Male,Chennai,2022-10-31,Clothing,3874.48,45.0
T000996,U0178,P043,71.11,Credit Card,2025-02-20,Arjun Joshi,43.0,Male,Mumbai,2023-08-11,Home,3416.65,309.0
T000997,U0100,P027,53.96,Wallet,2024-10-02,Anaya Mukherjee,30.0,Other,Visakhapatnam,2022-04-29,Toys,2241.45,134.0
T000998,U0142,P004,76.06,Credit Card,2024-05-29,Kiara Khan,42.0,Male,Bhopal,2022-01-20,Toys,2600.12,229.0
T000999,U0052,P040,62.45,Net Banking,2024-04-06,Vivaan Patel,28.0,Male,Nagpur,2024-01-16,Grocery,4011.76,36.0
T001000,U0163,P046,123.78,Wallet,2025-01-23,Sara Khan,41.0,Other,Mumbai,2023-06-14,Toys,4406.39,267.0
